org,label_0_probab,label_1_probab,label_2_probab,label_3_probab,label_4_probab,label_5_probab,label_6_probab,label_7_probab
000webhost,0.466666667,0.533333333,0,0,0,0,0,0
0adz,0,1,0,0,0,0,0,0
10xrecruit,0,1,0,0,0,0,0,0
126,0,0.991666667,0,0.008333333,0,0,0,0
163,0,1,0,0,0,0,0,0
172758,0.428571429,0.571428571,0,0,0,0,0,0
2018,0,1,0,0,0,0,0,0
2checkout,1,0,0,0,0,0,0,0
2shared,0.5,0.5,0,0,0,0,0,0
365premium,0.75,0.25,0,0,0,0,0,0
3digiprints,0.428571429,0.571428571,0,0,0,0,0,0
3ding,0.1,0.9,0,0,0,0,0,0
3dr,0,0.5,0.5,0,0,0,0,0
3ds,0,1,0,0,0,0,0,0
60,1,0,0,0,0,0,0,0
86282,0,1,0,0,0,0,0,0
BillHowell,0.666666667,0.333333333,0,0,0,0,0,0
GoDaddy,0.333333333,0.666666667,0,0,0,0,0,0
HobbyKing,1,0,0,0,0,0,0,0
InsideApple,0.32,0.32,0.36,0,0,0,0,0
L3Harris,0,1,0,0,0,0,0,0
MachineLearningMastery,0.6,0.4,0,0,0,0,0,0
Magento,0,0.5,0.5,0,0,0,0,0
MakeMyTrip,1,0,0,0,0,0,0,0
Mentor,0,0.666666667,0.333333333,0,0,0,0,0
Neo4j,1,0,0,0,0,0,0,0
Neotechnology,0.142857143,0.571428571,0.285714286,0,0,0,0,0
Pennmedicine,0,1,0,0,0,0,0,0
TRM,0.666666667,0.333333333,0,0,0,0,0,0
ZOONIVERSE,0.357142857,0.571428571,0.035714286,0.035714286,0,0,0,0
aaai,1,0,0,0,0,0,0,0
aamaadmiparty,0.514018692,0.485981308,0,0,0,0,0,0
academia,0.4,0.466666667,0,0,0,0,0,0.133333333
academia-mail,0.38559322,0.300847458,0.156779661,0,0,0,0,0.156779661
acces-neovote,1,0,0,0,0,0,0,0
account,0.333333333,0.666666667,0,0,0,0,0,0
account-nvidia,0.5,0.5,0,0,0,0,0,0
accountprotection,0.538461538,0.461538462,0,0,0,0,0,0
accounts,0.102941176,0.875,0.022058824,0,0,0,0,0
ace2three,0.333333333,0.666666667,0,0,0,0,0,0
aciek-academy,1,0,0,0,0,0,0,0
acm,0.8,0.2,0,0,0,0,0,0
acmicpc,0.333333333,0.666666667,0,0,0,0,0,0
acsir,0,1,0,0,0,0,0,0
actu-lpfr,0.238095238,0,0.761904762,0,0,0,0,0
addmi,1,0,0,0,0,0,0,0
adh-assurances,1,0,0,0,0,0,0,0
adm,0,1,0,0,0,0,0,0
admin,0.333333333,0.666666667,0,0,0,0,0,0
adobe,0,1,0,0,0,0,0,0
adultfriendfinder,0,0.5,0,0,0,0,0,0.5
adum,0.962025316,0.012658228,0.025316456,0,0,0,0,0
aero,0.666666667,0.333333333,0,0,0,0,0,0
af3,0,1,0,0,0,0,0,0
afraid,0.6,0.4,0,0,0,0,0,0
afwerxchallenge,0.272727273,0,0.272727273,0.454545455,0,0,0,0
afwerxfusion,0,0,0,1,0,0,0,0
agencenavigo,0.666666667,0.166666667,0.166666667,0,0,0,0,0
agencenavigoannuel,1,0,0,0,0,0,0,0
agents,0.666666667,0.333333333,0,0,0,0,0,0
aicte-india,0.631578947,0.368421053,0,0,0,0,0,0
airfrance,0.5,0.25,0.0625,0,0,0.1875,0,0
airindia,1,0,0,0,0,0,0,0
airpostmail,0.428571429,0.464285714,0.107142857,0,0,0,0,0
airserbia,0.5,0.166666667,0,0,0,0.333333333,0,0
airtable,0.440993789,0.372670807,0.186335404,0,0,0,0,0
airtable-2,0.076923077,0.269230769,0.653846154,0,0,0,0,0
airtel,1,0,0,0,0,0,0,0
airvistara,0,0.346153846,0.653846154,0,0,0,0,0
alchemyapi,0,1,0,0,0,0,0,0
alerts,0.4,0.466666667,0,0,0.133333333,0,0,0
aliexpress,0.139534884,0,0.860465116,0,0,0,0,0
allalert,0,0.5,0,0,0,0,0.5,0
altera,0.590909091,0.409090909,0,0,0,0,0,0
alumni,0,0.333333333,0,0.666666667,0,0,0,0
am,0,1,0,0,0,0,0,0
amadeus,0.5,0.25,0,0,0,0.25,0,0
amazon,0.146974063,0.445405059,0.34678194,0,0.052513609,0,0.008325328,0
amdocs,0,1,0,0,0,0,0,0
ameli,1,0,0,0,0,0,0,0
ames-it-solutions,0.25,0.75,0,0,0,0,0,0
amnh,0,0.029411765,0.941176471,0,0.029411765,0,0,0
ampleclick,0,0.5,0.5,0,0,0,0,0
andromedapublisher,0,1,0,0,0,0,0,0
angel,0.264822134,0.316205534,0.418972332,0,0,0,0,0
animalvetsci,0,1,0,0,0,0,0,0
anrt,0.571428571,0,0.428571429,0,0,0,0,0
aoni,0,1,0,0,0,0,0,0
api,0,0.75,0.25,0,0,0,0,0
apiai-a32c4dd4b716,0,0.75,0.25,0,0,0,0,0
apiai-a7bf10d275b3,0.5,0.5,0,0,0,0,0,0
app,1,0,0,0,0,0,0,0
applemusic,0,0.323529412,0.676470588,0,0,0,0,0
aptech,0.5,0.5,0,0,0,0,0,0
arrow,0,0,0,0,0,0,0,1
arya,0.102564103,0.512820513,0.384615385,0,0,0,0,0
aryaemailer,0,0,1,0,0,0,0,0
asana,0.571428571,0.428571429,0,0,0,0,0,0
aspiringmail,1,0,0,0,0,0,0,0
aspiringminds,0.526315789,0.263157895,0.210526316,0,0,0,0,0
astrospeak,0,0.5,0.5,0,0,0,0,0
asus,0.666666667,0.333333333,0,0,0,0,0,0
asusindiapromo,0.5,0.5,0,0,0,0,0,0
asuswebstorage,0.208333333,0.375,0.416666667,0,0,0,0,0
asvspoof,0.4,0.4,0,0.2,0,0,0,0
atcoder,0.011428571,0.988571429,0,0,0,0,0,0
atlassian,0.6,0.4,0,0,0,0,0,0
atmel,0.2,0.6,0.2,0,0,0,0,0
audible,0.2,0.6,0.2,0,0,0,0,0
autodesk,0.571428571,0.357142857,0.071428571,0,0,0,0,0
autodesk360,0.5,0.5,0,0,0,0,0,0
autosmail,0.5,0,0.5,0,0,0,0,0
avast,0.5,0.5,0,0,0,0,0,0
awidit,0,1,0,0,0,0,0,0
awseducate,0.21875,0.3125,0.46875,0,0,0,0,0
axisbank,0.5,0.5,0,0,0,0,0,0
barbeque-nation,0.5,0.5,0,0,0,0,0,0
barconlineexam,0.5,0.5,0,0,0,0,0,0
battlefield,0.5,0.5,0,0,0,0,0,0
bbnl,0.25,0.75,0,0,0,0,0,0
be,0.416666667,0,0.166666667,0,0,0,0.416666667,0
bemyapp,0.5,0,0.5,0,0,0,0,0
bg,0,0.444444444,0.555555556,0,0,0,0,0
bigbasket,0.072916667,0.416666667,0.46875,0,0.041666667,0,0,0
binghamton,0.222222222,0.333333333,0.444444444,0,0,0,0,0
birthdayfb,0.515151515,0.484848485,0,0,0,0,0,0
bitbucket,0.666666667,0.333333333,0,0,0,0,0,0
bizee,0,0,0,1,0,0,0,0
blablacar,0.6,0.4,0,0,0,0,0,0
bluedart,0,1,0,0,0,0,0,0
bluelighthost,0,1,0,0,0,0,0,0
bluemix,0.714285714,0.285714286,0,0,0,0,0,0
bntmailer,0,0.5,0.5,0,0,0,0,0
booking,0.588235294,0.352941176,0,0,0,0.058823529,0,0
bookings,0.5,0.25,0,0,0,0.25,0,0
bookmyforex,0.214285714,0.142857143,0.642857143,0,0,0,0,0
bookmyshow,0.571428571,0.342857143,0.085714286,0,0,0,0,0
box8letters,0.53125,0.3125,0.09375,0,0.0625,0,0,0
bpest-dijon,0,0,1,0,0,0,0,0
brain,0,1,0,0,0,0,0,0
brandedme,0.5,0.5,0,0,0,0,0,0
brandshop,0.545454545,0.454545455,0,0,0,0,0,0
brilliant,0.340136054,0.510204082,0.149659864,0,0,0,0,0
bsnl,0,1,0,0,0,0,0,0
buffalo,0,0,1,0,0,0,0,0
buyforexonline,1,0,0,0,0,0,0,0
caisse-epargne,0.769230769,0.230769231,0,0,0,0,0,0
cakewalk,0.166666667,0.5,0.333333333,0,0,0,0,0
calendly,0.935483871,0,0.064516129,0,0,0,0,0
caltech,0.333333333,0.666666667,0,0,0,0,0,0
cambridge-intelligence,0.172413793,0.482758621,0.344827586,0,0,0,0,0
cancerimagingarchive,0,1,0,0,0,0,0,0
capellaspace,0,1,0,0,0,0,0,0
cardekho,0.555555556,0.444444444,0,0,0,0,0,0
cardekholetters,0,0.5,0.5,0,0,0,0,0
careerfolio,0,1,0,0,0,0,0,0
careernet,0.166666667,0.833333333,0,0,0,0,0,0
careers360,0.25,0.5,0.25,0,0,0,0,0
carwale,1,0,0,0,0,0,0,0
catalystcampus,0,0.857142857,0,0.142857143,0,0,0,0
causesmail,0.333333333,0.666666667,0,0,0,0,0,0
cbsnewsletter,0,0.25,0.75,0,0,0,0,0
cc,0.666666667,0.333333333,0,0,0,0,0,0
cdac,0.25,0.75,0,0,0,0,0,0
cdconnect,0,0,1,0,0,0,0,0
ceidf,0.333333333,0.666666667,0,0,0,0,0,0
celestialsoftware,0.5,0.5,0,0,0,0,0,0
centralesupelec,0.014736842,0.670526316,0,0.292631579,0,0.022105263,0,0
centrepompidou,0,0,1,0,0,0,0,0
change,0.475177305,0.524822695,0,0,0,0,0,0
chegg,0.5,0.5,0,0,0,0,0,0
chronopost,0.833333333,0.166666667,0,0,0,0,0,0
cibleicon,0.5,0,0.5,0,0,0,0,0
cinemasgaumontpathe,0.666666667,0.333333333,0,0,0,0,0,0
cinemaspathegaumont,0.666666667,0.333333333,0,0,0,0,0,0
cinemax,0.6,0.4,0,0,0,0,0,0
cisco,0.5,0.5,0,0,0,0,0,0
citruspay,0.8,0.2,0,0,0,0,0,0
cityscapes-dataset,0.25,0.75,0,0,0,0,0,0
ciudad,0,1,0,0,0,0,0,0
class,1,0,0,0,0,0,0,0
classroom,0.666666667,0.333333333,0,0,0,0,0,0
cleartrip,0,0.285714286,0.714285714,0,0,0,0,0
clerky,1,0,0,0,0,0,0,0
cloud9,0.5,0.5,0,0,0,0,0,0
cloudHQ,0.285714286,0.714285714,0,0,0,0,0,0
cloudbees,0,0,1,0,0,0,0,0
cloudhq,0.333333333,0.666666667,0,0,0,0,0,0
cloudlinux,0,1,0,0,0,0,0,0
cloudns,0.411764706,0.529411765,0.058823529,0,0,0,0,0
clubvistara,0.153846154,0.384615385,0.461538462,0,0,0,0,0
cmrjournal,0,1,0,0,0,0,0,0
cmsworkshops,0.692307692,0.307692308,0,0,0,0,0,0
cnvs,0,1,0,0,0,0,0,0
cocubes,0.604166667,0.395833333,0,0,0,0,0,0
codalab,0.627118644,0.372881356,0,0,0,0,0,0
codeanywhere,0.5625,0.25,0.1875,0,0,0,0,0
codebreak,0.5,0.5,0,0,0,0,0,0
codecademy,0.197916667,0.510416667,0.291666667,0,0,0,0,0
codechef,0.509933775,0.483443709,0.006622517,0,0,0,0,0
codefactor,0.5,0.5,0,0,0,0,0,0
codeproject,0.5,0.5,0,0,0,0,0,0
codeschool,0,0.511904762,0.488095238,0,0,0,0,0
codeship,0.4,0.6,0,0,0,0,0,0
collegeprachaar,0.5,0.5,0,0,0,0,0,0
colorado,0.2,0.4,0.4,0,0,0,0,0
com-lpfr,0,0,1,0,0,0,0,0
comet,0.538461538,0.076923077,0.384615385,0,0,0,0,0
comet-mail,0,0,1,0,0,0,0,0
cometml,0.666666667,0.333333333,0,0,0,0,0,0
comma,0,0.5,0.5,0,0,0,0,0
commtrends,0.666666667,0.333333333,0,0,0,0,0,0
communication,0.111111111,0.444444444,0.444444444,0,0,0,0,0
compbuzz,0,1,0,0,0,0,0,0
computer,0,0,1,0,0,0,0,0
connect,0.076923077,0.333333333,0.58974359,0,0,0,0,0
connect-passengers,0.333333333,0,0,0,0,0.666666667,0,0
connectedphotos,1,0,0,0,0,0,0,0
connectifyme,0.4,0.6,0,0,0,0,0,0
consumer-live,1,0,0,0,0,0,0,0
contact,0,0,1,0,0,0,0,0
contact-adh-assurances,0,0,1,0,0,0,0,0
copernicus,0.75,0.25,0,0,0,0,0,0
coronainsights,0.5,0.5,0,0,0,0,0,0
coupondunia,0,0.518518519,0.481481481,0,0,0,0,0
coursera,0.501388889,0.498611111,0,0,0,0,0,0
crazydomains,0.314685315,0.538461538,0.13986014,0,0.006993007,0,0,0
creately,0.333333333,0,0.666666667,0,0,0,0,0
creativedestructionlab,0.111111111,0.888888889,0,0,0,0,0,0
crimson,0,1,0,0,0,0,0,0
critical,0,1,0,0,0,0,0,0
crm,0.105504587,0.52293578,0.371559633,0,0,0,0,0
cromaretail,0,0.142857143,0.857142857,0,0,0,0,0
crous-versailles,0.169811321,0.830188679,0,0,0,0,0,0
crowdai,0.411764706,0.235294118,0.352941176,0,0,0,0,0
crowdcast,1,0,0,0,0,0,0,0
crowdfightcovid19,1,0,0,0,0,0,0,0
cs,0.166666667,0.5,0.333333333,0,0,0,0,0
cse,0,1,0,0,0,0,0,0
cseindia,0.666666667,0.083333333,0.25,0,0,0,0,0
csphclrectt14,0,1,0,0,0,0,0,0
custcomm,0,0.5,0.5,0,0,0,0,0
customer,0.571428571,0,0,0,0,0.428571429,0,0
cvc,0.666666667,0.333333333,0,0,0,0,0,0
dailyspeak,0.129032258,0.483870968,0.387096774,0,0,0,0,0
datacamp,0.033707865,0.483146067,0.483146067,0,0,0,0,0
dataquest,0.5,0.5,0,0,0,0,0,0
dataquest-0740d8e6e13d,0.2,0.533333333,0.266666667,0,0,0,0,0
dcoder,0.333333333,0.333333333,0.333333333,0,0,0,0,0
ddunationalseminarsc,0,1,0,0,0,0,0,0
deeplearning,0.602150538,0.129032258,0.268817204,0,0,0,0,0
delhi,0.75,0.25,0,0,0,0,0,0
deliver,0.683544304,0.012658228,0.303797468,0,0,0,0,0
design,0.5,0.5,0,0,0,0,0,0
developers,0,0,1,0,0,0,0,0
dexterousdigitech,0.583333333,0.066666667,0.35,0,0,0,0,0
dfxinfo,1,0,0,0,0,0,0,0
dfxnews,0.571428571,0.428571429,0,0,0,0,0,0
dgfip,1,0,0,0,0,0,0,0
dhingana,0.481481481,0.518518519,0,0,0,0,0,0
dhl,0.333333333,0,0,0,0.666666667,0,0,0
dhruvkumarjha,0,0,0,1,0,0,0,0
dialogflow,0.4,0.6,0,0,0,0,0,0
digital,0.47826087,0.47826087,0.043478261,0,0,0,0,0
digitalglobe,0,1,0,0,0,0,0,0
digitalglobe-platform,0.375,0.375,0.25,0,0,0,0,0
diguy,0.5,0.5,0,0,0,0,0,0
diplomatie,0,1,0,0,0,0,0,0
directvote,1,0,0,0,0,0,0,0
discuss,0.268965517,0.337931034,0.393103448,0,0,0,0,0
diu,0,1,0,0,0,0,0,0
diux,0.545454545,0.318181818,0.136363636,0,0,0,0,0
divx,0,0.5,0.5,0,0,0,0,0
divx-newsletters,0,1,0,0,0,0,0,0
diydrones,0.428571429,0.285714286,0.285714286,0,0,0,0,0
dmrc,0.5,0.5,0,0,0,0,0,0
docker,0.1875,0.1875,0.625,0,0,0,0,0
docs,0.571428571,0.428571429,0,0,0,0,0,0
dominos,0.578947368,0.421052632,0,0,0,0,0,0
dominosmails,0.5,0.5,0,0,0,0,0,0
donate,0,0.509803922,0.490196078,0,0,0,0,0
doodle,0.65625,0.34375,0,0,0,0,0,0
doselect,0.5,0.5,0,0,0,0,0,0
drivendata,1,0,0,0,0,0,0,0
dropbox,0.66,0.28,0.06,0,0,0,0,0
dropboxmail,0.661971831,0.309859155,0.028169014,0,0,0,0,0
dtdc,0.666666667,0.333333333,0,0,0,0,0,0
dtu,0,1,0,0,0,0,0,0
duolingo,0.614730878,0.303116147,0.082152975,0,0,0,0,0
dvc,1,0,0,0,0,0,0,0
dyn,0.5,0.5,0,0,0,0,0,0
e,0.086538462,0.401442308,0.213942308,0,0,0,0,0.298076923
e-mail,0.481081081,0.448648649,0.07027027,0,0,0,0,0
easychair,0.263157895,0.736842105,0,0,0,0,0,0
ebay,0.43902439,0.487804878,0.024390244,0,0.048780488,0,0,0
ebs,0.666666667,0.333333333,0,0,0,0,0,0
economictimes,1,0,0,0,0,0,0,0
ecp,0,0.785714286,0,0.214285714,0,0,0,0
ed,0.5,0.5,0,0,0,0,0,0
edc,1,0,0,0,0,0,0,0
edm,0.492857143,0.45,0.057142857,0,0,0,0,0
educationation,0.769230769,0.230769231,0,0,0,0,0,0
edx,0.124378109,0.507462687,0.368159204,0,0,0,0,0
ee,0,1,0,0,0,0,0,0
eer,0.833333333,0.166666667,0,0,0,0,0,0
eesmail,1,0,0,0,0,0,0,0
eezyrent,0.538461538,0.461538462,0,0,0,0,0,0
eic9u377u1v5po,0,0,0.5,0,0,0,0.5,0
einsteinathome,0.5,0.5,0,0,0,0,0,0
elastichosts,0,1,0,0,0,0,0,0
elitmus,0,1,0,0,0,0,0,0
elitmusmail,0.333333333,0.666666667,0,0,0,0,0,0
elsevier,1,0,0,0,0,0,0,0
elsevierhealth,1,0,0,0,0,0,0,0
elxer,0.333333333,0.666666667,0,0,0,0,0,0
em,0.114285714,0.4,0.485714286,0,0,0,0,0
email,0.34625323,0.392764858,0.19379845,0,0.067183463,0,0,0
email-marriott,0.9,0,0.1,0,0,0,0,0
email-support,1,0,0,0,0,0,0,0
email1,0,1,0,0,0,0,0,0
emailer,0,0.464285714,0.535714286,0,0,0,0,0
emails,0.384615385,0.384615385,0.21978022,0,0,0,0,0.010989011
emm,0,0.833333333,0.166666667,0,0,0,0,0
eng,0,1,0,0,0,0,0,0
engage,0,0.5,0.5,0,0,0,0,0
entertainment,0.258064516,0.387096774,0.35483871,0,0,0,0,0
enti,0.5,0.5,0,0,0,0,0,0
entropay,0.517241379,0.482758621,0,0,0,0,0,0
eos,0.982758621,0.017241379,0,0,0,0,0,0
epfl,0,1,0,0,0,0,0,0
epic,0,1,0,0,0,0,0,0
epoch,0,1,0,0,0,0,0,0
equitywatch,0.666666667,0,0,0.333333333,0,0,0,0
esa,0.75,0.25,0,0,0,0,0,0
eservices-laposte,1,0,0,0,0,0,0,0
et,0,0.166666667,0.833333333,0,0,0,0,0
etihad,0.4,0.6,0,0,0,0,0,0
ettus,0,1,0,0,0,0,0,0
eudyptula-challenge,0.5,0.5,0,0,0,0,0,0
evelynlearning,0,1,0,0,0,0,0,0
eventbrite,0.545454545,0.454545455,0,0,0,0,0,0
evernote,0.684210526,0.315789474,0,0,0,0,0,0
examCrazy,0.333333333,0.666666667,0,0,0,0,0,0
example,0.666666667,0.333333333,0,0,0,0,0,0
expertrating,0,1,0,0,0,0,0,0
explore,0,0.529411765,0.117647059,0,0,0,0,0.352941176
express,1,0,0,0,0,0,0,0
external,1,0,0,0,0,0,0,0
f-career,0,1,0,0,0,0,0,0
f6s,0.928571429,0.071428571,0,0,0,0,0,0
faasos,0.2,0.6,0,0,0.2,0,0,0
facebookappmail,0.523809524,0.476190476,0,0,0,0,0,0
facebookmail,0.004854369,0.684466019,0,0,0,0,0,0.310679612
factset,0,1,0,0,0,0,0,0
fccashback,0,0.5,0.5,0,0,0,0,0
fedex,0.5,0.5,0,0,0,0,0,0
filestack,0.333333333,0,0.666666667,0,0,0,0,0
flashrecruit,0.75,0,0,0,0,0,0.25,0
flat,0,0.4,0.6,0,0,0,0,0
flexy,1,0,0,0,0,0,0,0
flickr,0,1,0,0,0,0,0,0
flipkart,0.383561644,0.383561644,0.01369863,0,0.219178082,0,0,0
flipkartletters,0,0.48673947,0.51326053,0,0,0,0,0
flipkartmail,0,0.48,0.52,0,0,0,0,0
flipkartpromotions,0.285714286,0.571428571,0.142857143,0,0,0,0,0
fnac,0.144444444,0,0.822222222,0,0.033333333,0,0,0
foodie,0,0.5,0.5,0,0,0,0,0
fortinet,1,0,0,0,0,0,0,0
fotor,0,1,0,0,0,0,0,0
foursquare,0,0.333333333,0.5,0,0,0,0,0.166666667
foxmail,0,0,1,0,0,0,0,0
france-visas,0.75,0.25,0,0,0,0,0,0
franceconnect,1,0,0,0,0,0,0,0
franz,0.5,0.5,0,0,0,0,0,0
fraport,0.666666667,0.333333333,0,0,0,0,0,0
freecharge,0.5,0.5,0,0,0,0,0,0
freecharge-offers,0.5,0.5,0,0,0,0,0,0
freedns,0,1,0,0,0,0,0,0
freedomrewardz,0.5,0.5,0,0,0,0,0,0
freekacharge,0.5,0.5,0,0,0,0,0,0
freelancer,0.42,0.58,0,0,0,0,0,0
freepik-mail,0,0,1,0,0,0,0,0
freshdesk,0.285714286,0.714285714,0,0,0,0,0,0
freshersworld,0.510040161,0.489959839,0,0,0,0,0,0
freshworks,0.181818182,0.454545455,0.363636364,0,0,0,0,0
fsmp,0,1,0,0,0,0,0,0
fun-campus,1,0,0,0,0,0,0,0
funaster,0,0.5,0.5,0,0,0,0,0
gaana,0.666666667,0.333333333,0,0,0,0,0,0
gaanainfo,0.5,0.5,0,0,0,0,0,0
gaanamail,0.540540541,0.459459459,0,0,0,0,0,0
gate,0.625,0.375,0,0,0,0,0,0
gc,0.555555556,0.444444444,0,0,0,0,0,0
geeksforgeeks,0.142857143,0.714285714,0.142857143,0,0,0,0,0
geeps,0,0.5,0,0.5,0,0,0,0
geniecabs,0,1,0,0,0,0,0,0
getcu3er,0.75,0.25,0,0,0,0,0,0
getflow,0,0,1,0,0,0,0,0
getpostman,0.107142857,0.464285714,0.428571429,0,0,0,0,0
github,0.190280066,0.182866557,0,0.626853377,0,0,0,0
gitlab,0.6,0.4,0,0,0,0,0,0
glassdoor,0.440758294,0.507109005,0.052132701,0,0,0,0,0
gleam,0.5,0.5,0,0,0,0,0,0
gliffy,0.5,0.5,0,0,0,0,0,0
globalfashion,0,1,0,0,0,0,0,0
globalhealth5050,0,1,0,0,0,0,0,0
gmail,0.0890625,0.83828125,0.00703125,0.059375,0,0.00234375,0.00390625,0
go,0.205882353,0.323529412,0.470588235,0,0,0,0,0
godaddy,0.454545455,0.545454545,0,0,0,0,0,0
goindigo,0.75,0.0625,0,0,0,0.1875,0,0
google,0.756041131,0.238303342,0.003341902,0,0.002313625,0,0,0
googlegroups,0.055555556,0.666666667,0,0.277777778,0,0,0,0
googlemail,0,1,0,0,0,0,0,0
gotinder,0.555555556,0.222222222,0.222222222,0,0,0,0,0
gotowebinar,0.571428571,0.428571429,0,0,0,0,0,0
govivace,0,1,0,0,0,0,0,0
gr31,0,0,0,0,0,0,1,0
grabhouse,0.5,0.5,0,0,0,0,0,0
granular,0.026501767,0.733215548,0.001766784,0.238515901,0,0,0,0
graymatics,0,1,0,0,0,0,0,0
grillorfry,0.666666667,0,0,0,0,0,0.333333333,0
groupiop,1,0,0,0,0,0,0,0
gskpurchase,0,1,0,0,0,0,0,0
guide2research,1,0,0,0,0,0,0,0
hackerearth,0.367396594,0.450121655,0.182481752,0,0,0,0,0
hackerearthmailers,0.5,0.5,0,0,0,0,0,0
hackerrank,0.414545455,0.552727273,0.032727273,0,0,0,0,0
hackerrankforwork,0.8,0.2,0,0,0,0,0,0
hackerrankmail,0.509578544,0.486590038,0.003831418,0,0,0,0,0
happnmail,1,0,0,0,0,0,0,0
hasteroc,1,0,0,0,0,0,0,0
healthconnect,0.5,0,0.5,0,0,0,0,0
healthie,0,0,1,0,0,0,0,0
heroku,0.363636364,0.636363636,0,0,0,0,0,0
hindustancopper,0.5,0.5,0,0,0,0,0,0
hknu,0,1,0,0,0,0,0,0
hobbyking,0.25,0.75,0,0,0,0,0,0
hobsons,0.5,0.5,0,0,0,0,0,0
holidayiq,1,0,0,0,0,0,0,0
horosproject,0,0,1,0,0,0,0,0
hotmail,0,0.740740741,0,0.259259259,0,0,0,0
housing-mailer,0.5,0.5,0,0,0,0,0,0
htc,0.013888889,0.486111111,0.5,0,0,0,0,0
htcdev,0.4,0.6,0,0,0,0,0,0
hulumail,1,0,0,0,0,0,0,0
hybridwares,0,1,0,0,0,0,0,0
hyperspacechallenge,0.055555556,0.722222222,0.222222222,0,0,0,0,0
i,0,1,0,0,0,0,0,0
i-register,0.5,0.5,0,0,0,0,0,0
iadvize,1,0,0,0,0,0,0,0
ibest,0,1,0,0,0,0,0,0
icicilombard,0,0,1,0,0,0,0,0
icloud,0,1,0,0,0,0,0,0
icloudhosting,0.5,0.5,0,0,0,0,0,0
id,0.625,0.375,0,0,0,0,0,0
idf,0.75,0.25,0,0,0,0,0,0
ieee,0.50656168,0.291338583,0.202099738,0,0,0,0,0
ieee-collabratec,0.648148148,0.018518519,0.018518519,0,0,0,0.314814815,0
ieeer8,1,0,0,0,0,0,0,0
ifpen,0,1,0,0,0,0,0,0
ig,0,1,0,0,0,0,0,0
iheartdogs,1,0,0,0,0,0,0,0
iheartdogs-email,0,0.509615385,0.490384615,0,0,0,0,0
iiitb,0.4,0.6,0,0,0,0,0,0
iiitd,0.006318006,0.556185128,0.000551572,0.436092865,0.000401143,0.000451286,0,0
iist,0.5,0.5,0,0,0,0,0,0
iit,0.5,0.5,0,0,0,0,0,0
iitd,0,1,0,0,0,0,0,0
iith,0,1,0,0,0,0,0,0
iitj,0,1,0,0,0,0,0,0
iitk,0.333333333,0.666666667,0,0,0,0,0,0
iitkgp,0,1,0,0,0,0,0,0
iitm,0.5,0.5,0,0,0,0,0,0
iitrpr,0.285714286,0.714285714,0,0,0,0,0,0
ijotam,0,1,0,0,0,0,0,0
iledefrance-mobilites,0.5,0,0.5,0,0,0,0,0
ilogo,0.666666667,0.333333333,0,0,0,0,0,0
image-net,0,1,0,0,0,0,0,0
imagekit,0,1,0,0,0,0,0,0
imaginecup,0.384615385,0.615384615,0,0,0,0,0,0
imdb,0.014285714,0.285714286,0.7,0,0,0,0,0
imindmap,0.333333333,0,0.666666667,0,0,0,0,0
impactathon,0.5,0.5,0,0,0,0,0,0
impartus,0.75,0.25,0,0,0,0,0,0
impetus,0,1,0,0,0,0,0,0
in,0.097345133,0.89380531,0,0.008849558,0,0,0,0
incontrolproductions,0.634146341,0.365853659,0,0,0,0,0,0
indeed,0.666666667,0.333333333,0,0,0,0,0,0
indeedemail,0,1,0,0,0,0,0,0
indianoil,0,1,0,0,0,0,0,0
indiatimes,0.049327354,0.452914798,0.452914798,0,0,0,0.044843049,0
indigo-trends,0,0,1,0,0,0,0,0
info,0.042253521,0.23943662,0.718309859,0,0,0,0,0
infoaxe,0.5,0.5,0,0,0,0,0,0
infos-airfrance,0.75,0.25,0,0,0,0,0,0
infosys,0.333333333,0.666666667,0,0,0,0,0,0
innerchef,0,0.509259259,0.490740741,0,0,0,0,0
innovaccer,0.5,0,0.5,0,0,0,0,0
inox,0.5,0.5,0,0,0,0,0,0
inoxmovies,0,0.53125,0.46875,0,0,0,0,0
inria,0,0.551282051,0,0.448717949,0,0,0,0
insideapple,0.25,0.03125,0.71875,0,0,0,0,0
insure,0,0.4,0.6,0,0,0,0,0
internationaldriversassociation,1,0,0,0,0,0,0,0
internations,0.053571429,0.357142857,0.053571429,0,0,0,0,0.535714286
interviewbit,0.583333333,0.375,0.041666667,0,0,0,0,0
interviewstreet,0.5,0.5,0,0,0,0,0,0
intetics,0,0.1,0,0.9,0,0,0,0
intl,0.55,0.45,0,0,0,0,0,0
invite,0.052631579,0.421052632,0,0,0,0,0,0.526315789
iqcabbbia1svx4,0,0,0.5,0,0,0,0.5,0
irctc,0.269230769,0.25,0.461538462,0,0,0,0.019230769,0
is,0,1,0,0,0,0,0,0
isi,0,1,0,0,0,0,0,0
isical,0.2,0.8,0,0,0,0,0,0
itunes,0.666666667,0.333333333,0,0,0,0,0,0
ivcmr,1,0,0,0,0,0,0,0
ixigo,1,0,0,0,0,0,0,0
izly,0.666666667,0.333333333,0,0,0,0,0,0
jadavpuruniversity,0,1,0,0,0,0,0,0
jeevansathi,0.5,0.5,0,0,0,0,0,0
jiit,0,1,0,0,0,0,0,0
jmlr,0.5,0.5,0,0,0,0,0,0
join,0.5,0.5,0,0,0,0,0,0
joinux,0.5,0.5,0,0,0,0,0,0
joytunes,0.785714286,0.142857143,0.071428571,0,0,0,0,0
justdial,0,1,0,0,0,0,0,0
kaggle,0.378378378,0.408408408,0.213213213,0,0,0,0,0
kdc9otdk91qkqg,0,0,0,0,0,0,1,0
khanacademy,0.357798165,0.550458716,0.091743119,0,0,0,0,0
kivuto,0.5,0.5,0,0,0,0,0,0
klarkwrist,0.5,0.5,0,0,0,0,0,0
klm,1,0,0,0,0,0,0,0
kotak,0.666666667,0,0,0,0,0,0.333333333,0
ktj,0.581395349,0.418604651,0,0,0,0,0,0
l2s,0,1,0,0,0,0,0,0
lama-app,0.666666667,0.333333333,0,0,0,0,0,0
landing,0,0,1,0,0,0,0,0
layoutit,0.2,0.6,0.2,0,0,0,0,0
leanpub,0.333333333,0.666666667,0,0,0,0,0,0
learnml,1,0,0,0,0,0,0,0
legal,0,1,0,0,0,0,0,0
libero,0,1,0,0,0,0,0,0
libre,0,1,0,0,0,0,0,0
limnu,0,0.222222222,0.777777778,0,0,0,0,0
linkedin,0.018135808,0.383804302,0.001687052,0,0,0,0,0.596372838
lirmm,0,1,0,0,0,0,0,0
list,0.333333333,0.666666667,0,0,0,0,0,0
live,0,1,0,0,0,0,0,0
localcirclesmail,0.448979592,0.306122449,0,0,0,0,0.244897959,0
localhost,0,1,0,0,0,0,0,0
logaster,0.333333333,0.666666667,0,0,0,0,0,0
longcapture,0,1,0,0,0,0,0,0
lookout,0.5,0.5,0,0,0,0,0,0
lri,0.25,0.75,0,0,0,0,0,0
lss,0,0.4,0,0.6,0,0,0,0
lucifro,0.333333333,0.666666667,0,0,0,0,0,0
m,0.260700389,0.513618677,0.225680934,0,0,0,0,0
m2i,0.6,0.4,0,0,0,0,0,0
madeeasy,0.5,0.5,0,0,0,0,0,0
magento,0.06504065,0.504065041,0.430894309,0,0,0,0,0
magnemit,0,0,1,0,0,0,0,0
magoosh,0.045454545,0.318181818,0.636363636,0,0,0,0,0
mail,0.097505669,0.319727891,0.349206349,0,0.002267574,0,0.009070295,0.222222222
mail1,1,0,0,0,0,0,0,0
mailclues,0,1,0,0,0,0,0,0
mailer,0.224961479,0.26348228,0.508474576,0,0,0,0,0.003081664
mailer1,0.95,0.05,0,0,0,0,0,0
mailers,0.9,0.1,0,0,0,0,0,0
mailing,0.5,0.5,0,0,0,0,0,0
maillist,0,0.428571429,0,0.571428571,0,0,0,0
mails,0.070866142,0.283464567,0.645669291,0,0,0,0,0
mak,0.142857143,0.5,0.357142857,0,0,0,0,0
makemytrip,0.408163265,0.255102041,0,0,0,0.336734694,0,0
makemytripmails,0.272727273,0.545454545,0.181818182,0,0,0,0,0
man-pasand,0,0,0.5,0,0,0,0.5,0
mansys,0,0,0,1,0,0,0,0
manuscriptcentral,0.7,0.3,0,0,0,0,0,0
mapbox,0.010526316,0.463157895,0.526315789,0,0,0,0,0
maptive,0.5,0.25,0.25,0,0,0,0,0
marketing,0.101796407,0.323353293,0.574850299,0,0,0,0,0
marketmetrics,0.5,0,0,0,0,0,0.5,0
marketplace,0.428571429,0.571428571,0,0,0,0,0,0
marmalademail,0.307692308,0.461538462,0.230769231,0,0,0,0,0
maruti,0,1,0,0,0,0,0,0
mashape,0.5,0.375,0.125,0,0,0,0,0
mathworks,0.5,0.333333333,0.166666667,0,0,0,0,0
maxar,0.052631579,0.157894737,0.789473684,0,0,0,0,0
mb,0,0,1,0,0,0,0,0
mbajunction,0.3,0.7,0,0,0,0,0,0
mc,0,0.555555556,0,0,0,0,0.444444444,0
mea,1,0,0,0,0,0,0,0
mech,0,1,0,0,0,0,0,0
media,0.0625,0.3125,0.625,0,0,0,0,0
medimanage,0.666666667,0.333333333,0,0,0,0,0,0
medium,0.562974203,0.294385432,0.142640364,0,0,0,0,0
meeshkan,1,0,0,0,0,0,0,0
mega,0.5,0.5,0,0,0,0,0,0
mellonlabs,0,1,0,0,0,0,0,0
members,0,1,0,0,0,0,0,0
menara,0,0.428571429,0,0,0,0,0.571428571,0
mentor,0.010033445,0.508361204,0.481605351,0,0,0,0,0
messages,0.510344828,0.268965517,0.220689655,0,0,0,0,0
metaspectral,0,0,0,1,0,0,0,0
microsoft,0.368421053,0.631578947,0,0,0,0,0,0
minglebox,0.5,0.5,0,0,0,0,0,0
miro,1,0,0,0,0,0,0,0
mit,0,1,0,0,0,0,0,0
mitacs,0.333333333,0.666666667,0,0,0,0,0,0
mixmax,0,1,0,0,0,0,0,0
mktg,0.166666667,0,0.833333333,0,0,0,0,0
mobikwik,1,0,0,0,0,0,0,0
moneygram,0.5,0.5,0,0,0,0,0,0
mongodb,0.214285714,0,0.785714286,0,0,0,0,0
monsterindia,0.409090909,0.5,0.090909091,0,0,0,0,0
mp1,0.057142857,0.228571429,0.714285714,0,0,0,0,0
mpi-inf,0,0.92,0,0,0,0.08,0,0
mpi-klsb,0,1,0,0,0,0,0,0
mpi-sb,0.666666667,0.333333333,0,0,0,0,0,0
msr-cmt,0.690909091,0.272727273,0.036363636,0,0,0,0,0
mu-sigma,0.5,0.5,0,0,0,0,0,0
murraystate,0.333333333,0.333333333,0.333333333,0,0,0,0,0
mx2,0.75,0.25,0,0,0,0,0,0
myamcat,0.5,0.5,0,0,0,0,0,0
mycalendarmail,0.666666667,0.333333333,0,0,0,0,0,0
myntra,0.56,0.44,0,0,0,0,0,0
myopportunity,0,0.25,0.75,0,0,0,0,0
mysliderule,0.421052632,0.578947368,0,0,0,0,0,0
mysql,0.5,0.5,0,0,0,0,0,0
myworkday,0.625,0.375,0,0,0,0,0,0
myynmail,0.5,0,0,0,0,0,0.5,0
myzapak,0.5,0.5,0,0,0,0,0,0
naaptoldeals,0,0.514285714,0.485714286,0,0,0,0,0
naaptoldealz,0,0,1,0,0,0,0,0
namomail,1,0,0,0,0,0,0,0
national,0.285714286,0.142857143,0.571428571,0,0,0,0,0
naukri,0,1,0,0,0,0,0,0
naylormarketing,0,0.25,0.75,0,0,0,0,0
ncb,0.372093023,0,0.627906977,0,0,0,0,0
ncp,0.394736842,0,0.605263158,0,0,0,0,0
ndtvecommerce,0,0.535714286,0.464285714,0,0,0,0,0
nedm,0.317460317,0.476190476,0.206349206,0,0,0,0,0
neo4j,0.023809524,0.452380952,0.523809524,0,0,0,0,0
neotechnology,0.111111111,0.666666667,0.222222222,0,0,0,0,0
neptune,0.586206897,0.172413793,0.24137931,0,0,0,0,0
new,0,0.340909091,0.659090909,0,0,0,0,0
news,0.02173913,0.50310559,0.47515528,0,0,0,0,0
newsgram,0,0.431034483,0.568965517,0,0,0,0,0
newsletter,0.135888502,0.411149826,0.383275261,0,0.069686411,0,0,0
ni,0.277777778,0.333333333,0.388888889,0,0,0,0,0
nic,0.25,0.75,0,0,0,0,0,0
nist,0,1,0,0,0,0,0,0
nitkkr,0,1,0,0,0,0,0,0
nitropdf,0.5,0.5,0,0,0,0,0,0
nitrr,0,1,0,0,0,0,0,0
no-ip,0.25,0.75,0,0,0,0,0,0
nobroker,0.5,0.5,0,0,0,0,0,0
nobrokerletters,0,0,1,0,0,0,0,0
noip,0,1,0,0,0,0,0,0
non,0,1,0,0,0,0,0,0
nordaccount,1,0,0,0,0,0,0,0
notice,0.5,0,0.5,0,0,0,0,0
notification,1,0,0,0,0,0,0,0
notifications,0.379591837,0.493877551,0.012244898,0,0,0,0,0.114285714
notify,1,0,0,0,0,0,0,0
nptel,0.395833333,0.291666667,0,0.3125,0,0,0,0
nrsc,0.365178571,0.634821429,0,0,0,0,0,0
nsit,0,1,0,0,0,0,0,0
nullshot,0.545454545,0,0,0,0,0,0.454545455,0
nvidia,0.223506744,0.341040462,0.435452794,0,0,0,0,0
nvidiadeveloper,0.692307692,0.307692308,0,0,0,0,0,0
nyu,0,1,0,0,0,0,0,0
olacabs,0.823529412,0.173010381,0.003460208,0,0,0,0,0
olamoney,0.857142857,0.095238095,0.047619048,0,0,0,0,0
olx,0.5,0.5,0,0,0,0,0,0
one,0.666666667,0.333333333,0,0,0,0,0,0
oneclass,0.4,0.6,0,0,0,0,0,0
oneplus,0.037037037,0.62962963,0.333333333,0,0,0,0,0
oneplusstore,0,0.454545455,0.545454545,0,0,0,0,0
onlinerti,0.666666667,0.333333333,0,0,0,0,0,0
opendns,0.5,0.5,0,0,0,0,0,0
openreview,0.75,0.25,0,0,0,0,0,0
oracle-mail,0,0.545454545,0.454545455,0,0,0,0,0
orders,0.3125,0.1875,0,0,0.5,0,0,0
oregonstate,0,1,0,0,0,0,0,0
org_undefinded,0.427991886,0.491741524,0.004926108,0.048391771,0.013909012,0.012749928,0.000289771,0
outernet,0.375,0.5,0.125,0,0,0,0,0
outlook,0,1,0,0,0,0,0,0
overleaf,0.146341463,0.414634146,0.43902439,0,0,0,0,0
owkin,0,1,0,0,0,0,0,0
pagarba,0,0,0,1,0,0,0,0
panasonic,1,0,0,0,0,0,0,0
papercept,0.6,0.4,0,0,0,0,0,0
papersapp,0.75,0.25,0,0,0,0,0,0
pathable,1,0,0,0,0,0,0,0
paybyphone,0.5,0.5,0,0,0,0,0,0
paypal,0.5,0.5,0,0,0,0,0,0
paypal-customerfeedback,0.333333333,0.666666667,0,0,0,0,0,0
paypal-exchanges,0,0.333333333,0.666666667,0,0,0,0,0
paytm,0.52238806,0.417910448,0,0,0,0.059701493,0,0
paytmemail,0.00862069,0.482758621,0.50862069,0,0,0,0,0
paytmoffers,1,0,0,0,0,0,0,0
payu,0.6,0.4,0,0,0,0,0,0
payumoney,0.333333333,0.666666667,0,0,0,0,0,0
payzippy,0.666666667,0.333333333,0,0,0,0,0,0
pbmail,0,0.4,0.6,0,0,0,0,0
pbmails,0.5,0.5,0,0,0,0,0,0
pearson,0,1,0,0,0,0,0,0
pennmedicine,0,1,0,0,0,0,0,0
pesquet,0,1,0,0,0,0,0,0
peterengland,0.6,0.4,0,0,0,0,0,0
phonepe,0.243589744,0.371794872,0.384615385,0,0,0,0,0
phpclasses,0.511244378,0.488755622,0,0,0,0,0,0
piazza,0.582329317,0.417670683,0,0,0,0,0,0
piazzacareers,0.314285714,0.4,0.285714286,0,0,0,0,0
pinterest,0,0.428571429,0,0,0,0,0,0.571428571
pitchme,1,0,0,0,0,0,0,0
pivotaltracker,0.727272727,0.272727273,0,0,0,0,0,0
pizza,0.5,0.25,0.25,0,0,0,0,0
planet,0.370967742,0.14516129,0.483870968,0,0,0,0,0
platip,0.6,0.4,0,0,0,0,0,0
plot,1,0,0,0,0,0,0,0
plus,0.032258065,0.505376344,0,0,0,0,0,0.462365591
policies,0.333333333,0.333333333,0.333333333,0,0,0,0,0
policybazaar,0.75,0.25,0,0,0,0,0,0
polimi,0,1,0,0,0,0,0,0
pophealth,0,1,0,0,0,0,0,0
pornhub,0,0.5,0.5,0,0,0,0,0
preferred,0,1,0,0,0,0,0,0
premiumjobalerts,0,0.75,0.25,0,0,0,0,0
primevideo,0.033898305,0.542372881,0.423728814,0,0,0,0,0
printfection,0.6,0.2,0,0,0.2,0,0,0
produitsetservices-laposte,0.8,0.2,0,0,0,0,0,0
projecteuler,0.5,0.5,0,0,0,0,0,0
promo,0,0,1,0,0,0,0,0
property,0.2,0.6,0,0,0,0.2,0,0
proto,0,0,1,0,0,0,0,0
psycom,0,0.5,0.5,0,0,0,0,0
public,0,1,0,0,0,0,0,0
pvrcinemas,0.008403361,0.462184874,0.529411765,0,0,0,0,0
pypi,1,0,0,0,0,0,0,0
qemailserver,0.5,0.5,0,0,0,0,0,0
qgraph,0.5,0.5,0,0,0,0,0,0
quadkopters,0.382978723,0.489361702,0.127659574,0,0,0,0,0
quikr,0.333333333,0.666666667,0,0,0,0,0,0
quikreasyinfo,1,0,0,0,0,0,0,0
quora,0.089127392,0.408306113,0.047596827,0,0,0,0,0.454969669
quorg,0,1,0,0,0,0,0,0
rapidapi,0.066666667,0.5,0.433333333,0,0,0,0,0
razorpay,0.923076923,0,0.076923077,0,0,0,0,0
rb,0.5,0,0.125,0,0,0,0.375,0
rcbazaar,0,0.80952381,0.19047619,0,0,0,0,0
rcgroups,0.15,0.4,0.45,0,0,0,0,0
rchobbyaddict,1,0,0,0,0,0,0,0
rdio,0,0.5,0,0,0,0,0,0.5
readcube,0.363636364,0.272727273,0.363636364,0,0,0,0,0
readlang,1,0,0,0,0,0,0,0
readme,0.666666667,0,0.333333333,0,0,0,0,0
ready4,0.333333333,0,0.666666667,0,0,0,0,0
realtimeboard,0.470588235,0.411764706,0.117647059,0,0,0,0,0
rechargeitnow,0.666666667,0.333333333,0,0,0,0,0,0
rechargercommandernavigo,1,0,0,0,0,0,0,0
recruitment,1,0,0,0,0,0,0,0
reddit,0.666666667,0.333333333,0,0,0,0,0,0
redditmail,1,0,0,0,0,0,0,0
redhat,1,0,0,0,0,0,0,0
rediffmail,0.125,0.75,0,0,0,0,0.125,0
rediffnotifications,0.5,0.5,0,0,0,0,0,0
redwolf,0.004098361,0.491803279,0.504098361,0,0,0,0,0
referhire,0.185185185,0.333333333,0.481481481,0,0,0,0,0
reglomobile,0.571428571,0.428571429,0,0,0,0,0,0
remail,0.666666667,0.333333333,0,0,0,0,0,0
remisesetreductions,1,0,0,0,0,0,0,0
remotemore,1,0,0,0,0,0,0,0
reply,0.032828283,0.497474747,0.46969697,0,0,0,0,0
reply1,0,1,0,0,0,0,0,0
repositoryhosting,0.663212435,0.32642487,0.010362694,0,0,0,0,0
research,0,1,0,0,0,0,0,0
research-mail,0.6,0.4,0,0,0,0,0,0
researchgate,0,0.333333333,0,0,0,0,0,0.666666667
researchgatemail,0,0.304812834,0,0,0,0,0,0.695187166
revolut,1,0,0,0,0,0,0,0
ride,0,0.307692308,0.692307692,0,0,0,0,0
rit,0.208333333,0.625,0.166666667,0,0,0,0,0
robots,0,1,0,0,0,0,0,0
rootwork,0,1,0,0,0,0,0,0
royalsundaram,0.428571429,0.571428571,0,0,0,0,0,0
rs-components,0.114754098,0.426229508,0.459016393,0,0,0,0,0
ruprr,0.45,0.525,0.025,0,0,0,0,0
s-hr,0.8,0.2,0,0,0,0,0,0
saavnletters,0,1,0,0,0,0,0,0
saiconference,1,0,0,0,0,0,0,0
sailcareers,0.5,0.5,0,0,0,0,0,0
salesforce,0.5,0.5,0,0,0,0,0,0
sampark,0.085918854,0.494033413,0.420047733,0,0,0,0,0
sbi,0.518624642,0.464183381,0.017191977,0,0,0,0,0
sc,0,0.4,0,0.6,0,0,0,0
schneider-electric,0,1,0,0,0,0,0,0
sci,0,0.5,0.5,0,0,0,0,0
science-accueil,0,1,0,0,0,0,0,0
scitevents,1,0,0,0,0,0,0,0
sdl,0,1,0,0,0,0,0,0
se,0,1,0,0,0,0,0,0
securelconnect,0.2,0.8,0,0,0,0,0,0
segpay,0.5,0.5,0,0,0,0,0,0
send,0,0.45620438,0.54379562,0,0,0,0,0
sentinel-hub,0.428571429,0.571428571,0,0,0,0,0,0
server2,0,0,0.571428571,0,0,0,0.428571429,0
server40,0,1,0,0,0,0,0,0
server4you,0.5,0.5,0,0,0,0,0,0
service,0.75,0.25,0,0,0,0,0,0
service-airfrance,0.5,0,0,0,0,0.5,0,0
serviceclients,0.4,0.4,0.2,0,0,0,0,0
sg,0,0.076923077,0.923076923,0,0,0,0,0
sg2plcpnl0071,1,0,0,0,0,0,0,0
sh01,0.5,0.5,0,0,0,0,0,0
shakeshack,0,0,1,0,0,0,0,0
sharelatex,0.681818182,0.318181818,0,0,0,0,0,0
shining3d,0.307692308,0.384615385,0.307692308,0,0,0,0,0
shop,0,0.455882353,0.544117647,0,0,0,0,0
shriramgeneral,0.375,0.5,0.125,0,0,0,0,0
shriramgi,0.428571429,0.571428571,0,0,0,0,0,0
si36,0.466666667,0,0.066666667,0,0,0,0.466666667,0
si53,0.5,0,0.2,0,0,0,0.3,0
signalprocessingsociety,0.377358491,0.193396226,0.429245283,0,0,0,0,0
simbla,0,0.5,0.5,0,0,0,0,0
sketch,0.75,0.25,0,0,0,0,0,0
sketchup,0,0,1,0,0,0,0,0
skillpagesmail,0,1,0,0,0,0,0,0
skywatch,0,0.625,0.375,0,0,0,0,0
slack,0.712230216,0.269784173,0.017985612,0,0,0,0,0
sm,0,0.4,0.2,0,0,0,0.4,0
smartsheet,0,0.5,0.5,0,0,0,0,0
smartystreets,0.5,0.5,0,0,0,0,0,0
smartystreets-chat,0.5,0.5,0,0,0,0,0,0
smtpmailbox,0.428571429,0.571428571,0,0,0,0,0,0
snapdeals,0.5,0.5,0,0,0,0,0,0
snapfish,0.5,0.5,0,0,0,0,0,0
socgen,1,0,0,0,0,0,0,0
softbankrobotics,0.5,0.5,0,0,0,0,0,0
softzen,0,1,0,0,0,0,0,0
sourced,0.666666667,0.333333333,0,0,0,0,0,0
speakingtree,0.5,0.5,0,0,0,0,0,0
speed,0,1,0,0,0,0,0,0
spicejet,0.5,0.5,0,0,0,0,0,0
splitwise,0.576086957,0.423913043,0,0,0,0,0,0
spotify,0.875,0.125,0,0,0,0,0,0
springboard,0.464705882,0.476470588,0.058823529,0,0,0,0,0
stackexchange,0,0.666666667,0,0.333333333,0,0,0,0
stackoverflow,0.5,0.5,0,0,0,0,0,0
standupalice,0.055555556,0,0,0.944444444,0,0,0,0
stanford,0.6,0.4,0,0,0,0,0,0
staqu,0,1,0,0,0,0,0,0
state,0.339901478,0.438423645,0.221674877,0,0,0,0,0
statebankrewardz,0.078341014,0.428571429,0.488479263,0,0.004608295,0,0,0
steampowered,0.5,0.5,0,0,0,0,0,0
stockroom,0,1,0,0,0,0,0,0
stripe,1,0,0,0,0,0,0,0
studapart,0.285714286,0.428571429,0.285714286,0,0,0,0,0
student,0,0.947368421,0,0.052631579,0,0,0,0
student-cs,0,0.8,0,0.2,0,0,0,0
studiosport,1,0,0,0,0,0,0,0
stylusstudio,0,1,0,0,0,0,0,0
successfactors,0.666666667,0.333333333,0,0,0,0,0,0
supelec,0,0.444444444,0,0.555555556,0,0,0,0
support,0,1,0,0,0,0,0,0
supsi,0.5,0.5,0,0,0,0,0,0
surtri,0.666666667,0.333333333,0,0,0,0,0,0
surveymonkey,0.428571429,0.571428571,0,0,0,0,0,0
surveymonkeyuser,0.5,0.5,0,0,0,0,0,0
surveysitemail,0.666666667,0.333333333,0,0,0,0,0,0
susestudio,0,1,0,0,0,0,0,0
swagshirts99,0.8,0.2,0,0,0,0,0,0
swiggy,0.338983051,0.186440678,0.13559322,0,0.338983051,0,0,0
symless,0.035087719,0.526315789,0.438596491,0,0,0,0,0
synergy-project,0,0.666666667,0.333333333,0,0,0,0,0
synlab,1,0,0,0,0,0,0,0
synthia-dataset,0,1,0,0,0,0,0,0
t,0.388888889,0.5,0.111111111,0,0,0,0,0
tagx,0,0,0,1,0,0,0,0
takamul,0,1,0,0,0,0,0,0
talisman-corporation,0.142857143,0.857142857,0,0,0,0,0,0
tapchief,0,1,0,0,0,0,0,0
tatadocomo,0.666666667,0.166666667,0.166666667,0,0,0,0,0
taxiforsure,0.5,0.5,0,0,0,0,0,0
teabox,0,1,0,0,0,0,0,0
teamviewer,0.622222222,0.377777778,0,0,0,0,0,0
techaffinity,0,1,0,0,0,0,0,0
techject,1,0,0,0,0,0,0,0
technoidentity,0,1,0,0,0,0,0,0
technolutions,0.4,0.266666667,0.333333333,0,0,0,0,0
technophilia,0.454545455,0.545454545,0,0,0,0,0,0
techstars,0,1,0,0,0,0,0,0
techstarsassociates,0,1,0,0,0,0,0,0
techtud,0.6,0.4,0,0,0,0,0,0
telecom-sudparis,0,1,0,0,0,0,0,0
telecomlead,0.5,0.5,0,0,0,0,0,0
templatemonster,0.666666667,0.333333333,0,0,0,0,0,0
tenettech,0,1,0,0,0,0,0,0
testondemand,0,0.444444444,0,0,0,0,0.555555556,0
thefork,0.653846154,0.346153846,0,0,0,0,0,0
thehobbyshop,0,1,0,0,0,0,0,0
theshein,0.75,0,0.25,0,0,0,0,0
thesignals,0.333333333,0.666666667,0,0,0,0,0,0
thinkdigit,0,1,0,0,0,0,0,0
thomas-earnshaw,0,0,1,0,0,0,0,0
thomascook,0.165938865,0.362445415,0.471615721,0,0,0,0,0
ticket-airfrance,0.25,0.25,0,0,0,0.5,0,0
tikona,0.6,0.4,0,0,0,0,0,0
time4education,0.666666667,0.333333333,0,0,0,0,0,0
timelesslearntech,0.5,0.5,0,0,0,0,0,0
timespoint,0.5,0.5,0,0,0,0,0,0
timespoints,0.523809524,0.476190476,0,0,0,0,0,0
tnt,0.4,0.6,0,0,0,0,0,0
todoist,1,0,0,0,0,0,0,0
toluna,1,0,0,0,0,0,0,0
topcoder,0.334254144,0.473756906,0.19198895,0,0,0,0,0
topresume,0.5,0.5,0,0,0,0,0,0
toptalent,0.424242424,0.575757576,0,0,0,0,0,0
transferwise,1,0,0,0,0,0,0,0
travel,0,0.228571429,0.771428571,0,0,0,0,0
trello,0.310810811,0.22972973,0.459459459,0,0,0,0,0
trends-temple,0,0,1,0,0,0,0,0
trigger,0,1,0,0,0,0,0,0
trm,0.642857143,0.357142857,0,0,0,0,0,0
truecaller,0.181818182,0.545454545,0.272727273,0,0,0,0,0
truelancr,0,1,0,0,0,0,0,0
trustpilotmail,1,0,0,0,0,0,0,0
tti-network,0,1,0,0,0,0,0,0
tue,0.642857143,0.357142857,0,0,0,0,0,0
tufinawatches,0,0.5,0.5,0,0,0,0,0
tum,0,1,0,0,0,0,0,0
tunitascreek,0.590909091,0.409090909,0,0,0,0,0,0
turing,0.5,0.5,0,0,0,0,0,0
tutorco,0,1,0,0,0,0,0,0
twenty19,0.421052632,0.473684211,0.105263158,0,0,0,0,0
twitter,0.003455724,0.406047516,0.002591793,0,0,0,0,0.587904968
typeform,0.181818182,0,0.818181818,0,0,0,0,0
u-psud,0,0.5,0,0.5,0,0,0,0
uber,0.578947368,0.157894737,0.263157895,0,0,0,0,0
ubigi,0,0.142857143,0.857142857,0,0,0,0,0
ubuntu,0,1,0,0,0,0,0,0
ucl,0,1,0,0,0,0,0,0
udacity,0.032432432,0.499099099,0.468468468,0,0,0,0,0
ugcmailing,0.75,0.25,0,0,0,0,0,0
uir,0,1,0,0,0,0,0,0
um,0,1,0,0,0,0,0,0
umich,0.842105263,0.105263158,0.052631579,0,0,0,0,0
un,0.153846154,0,0.230769231,0,0,0,0.615384615,0
un1,0.222222222,0,0.222222222,0,0,0,0.555555556,0
unisys,0.230769231,0.538461538,0.230769231,0,0,0,0,0
univ-mlv,0,1,0,0,0,0,0,0
universitadipavia,0,1,0,0,0,0,0,0
universite-paris-saclay,0,0.035714286,0,0.964285714,0,0,0,0
unqiueindia,0.416666667,0,0.5,0,0,0,0.083333333,0
updates,0.215189873,0.493670886,0.291139241,0,0,0,0,0
ups,0.875,0.125,0,0,0,0,0,0
upwork,0.852459016,0.147540984,0,0,0,0,0,0
urekascience,0,1,0,0,0,0,0,0
us,0.454545455,0.490909091,0.054545455,0,0,0,0,0
usc,0,1,0,0,0,0,0,0
usebackpack,0.448915187,0.504142012,0.046942801,0,0,0,0,0
usgs,0.777777778,0.222222222,0,0,0,0,0,0
usief,0.657894737,0.189473684,0.152631579,0,0,0,0,0
ustraveldocs,1,0,0,0,0,0,0,0
uttyler,0.75,0.25,0,0,0,0,0,0
uva,0,1,0,0,0,0,0,0
uvpn,0.666666667,0.333333333,0,0,0,0,0,0
vairdo,0,0.6,0.4,0,0,0,0,0
vectormagic,0.5,0.5,0,0,0,0,0,0
velvetjobs,0.958333333,0,0.041666667,0,0,0,0,0
versailles,0.615384615,0.307692308,0.076923077,0,0,0,0,0
vfsglobal,0.705882353,0.294117647,0,0,0,0,0,0
vfshelpline,0.684210526,0.315789474,0,0,0,0,0,0
videoken,0,1,0,0,0,0,0,0
vincerowatches,0.111111111,0.333333333,0.555555556,0,0,0,0,0
vip,0,0,0,1,0,0,0,0
virtualtaboo,0,1,0,0,0,0,0,0
virtuosos,0.487179487,0.512820513,0,0,0,0,0,0
visale,0.8,0.2,0,0,0,0,0,0
visaops,0.2,0.8,0,0,0,0,0,0
visme,0,0,1,0,0,0,0,0
vito,0,0.2,0.8,0,0,0,0,0
vodafone,0.413793103,0.586206897,0,0,0,0,0,0
votenet,1,0,0,0,0,0,0,0
vrporn,0,1,0,0,0,0,0,0
walkfree,0.346666667,0.493333333,0.16,0,0,0,0,0
washingtonpost,0.242424242,0,0.757575758,0,0,0,0,0
way2sms,0.5,0.5,0,0,0,0,0,0
wdc,0.5,0.5,0,0,0,0,0,0
web-spicejet,0,0.375,0.625,0,0,0,0,0
websitetemplatesonline,0.5,0.5,0,0,0,0,0,0
welcome,1,0,0,0,0,0,0,0
wellesley,0,1,0,0,0,0,0,0
westnet,0,1,0,0,0,0,0,0
whatpulse,0.666666667,0.333333333,0,0,0,0,0,0
wifirst,1,0,0,0,0,0,0,0
wimpmail,0.5,0.5,0,0,0,0,0,0
wipro,0,1,0,0,0,0,0,0
wisdomjobs,1,0,0,0,0,0,0,0
wish,0,0,1,0,0,0,0,0
wit,1,0,0,0,0,0,0,0
witai-2,0.2,0.6,0.2,0,0,0,0,0
wix,1,0,0,0,0,0,0,0
wolfram,0.6,0.4,0,0,0,0,0,0
wooe,0.375,0.625,0,0,0,0,0,0
wordpress,0.5,0.5,0,0,0,0,0,0
workast,0.5,0.3,0.2,0,0,0,0,0
worldbank,0,1,0,0,0,0,0,0
worldsim,0,1,0,0,0,0,0,0
wufoo,0.5,0.5,0,0,0,0,0,0
xecutehr,0,1,0,0,0,0,0,0
xoom,0.72,0.28,0,0,0,0,0,0
xprize,0.25,0.214285714,0.535714286,0,0,0,0,0
xrce,0,1,0,0,0,0,0,0
yahoo,0.02739726,0.97260274,0,0,0,0,0,0
yahoo-inc,0.6,0.4,0,0,0,0,0,0
yandex,0,0,0,1,0,0,0,0
yatra,0.6,0.2,0,0,0,0.2,0,0
ymail,0,1,0,0,0,0,0,0
yocket,0.333333333,0.666666667,0,0,0,0,0,0
youth4work,0,0.333333333,0.5,0,0,0,0.166666667,0
youtube,0.000868056,0.498263889,0,0,0,0,0,0.500868056
zamzar,0,1,0,0,0,0,0,0
zeemaps,0.333333333,0,0.666666667,0,0,0,0,0
zen-makemytrip,0.986111111,0,0,0,0,0,0.013888889,0
zen2-makemytrip,1,0,0,0,0,0,0,0
zenysis,0,1,0,0,0,0,0,0
zepass,0.666666667,0.333333333,0,0,0,0,0,0
zero13wireless,0.428571429,0.571428571,0,0,0,0,0,0
zettaset,0,0,0,1,0,0,0,0
zomato,0,0.5,0,0,0.5,0,0,0
zoom,0.553571429,0.053571429,0.392857143,0,0,0,0,0
zoomcybersense,1,0,0,0,0,0,0,0
zoomgroup,0.441558442,0.506493506,0.051948052,0,0,0,0,0
zooniverse,0.5,0.5,0,0,0,0,0,0
zoov,0.451612903,0,0.548387097,0,0,0,0,0
zoov-support,0.090909091,0.818181818,0.090909091,0,0,0,0,0
zurich,0,1,0,0,0,0,0,0
nan,0.224443724,0.463916883,0.106852425,0.133793155,0.004452704,0.001758631,0.001895829,0.062886649
tatasky,0.224443724,0.463916883,0.106852425,0.133793155,0.004452704,0.001758631,0.001895829,0.062886649
adclicxa,0.224443724,0.463916883,0.106852425,0.133793155,0.004452704,0.001758631,0.001895829,0.062886649
plagscan,0.224443724,0.463916883,0.106852425,0.133793155,0.004452704,0.001758631,0.001895829,0.062886649
verify,0.224443724,0.463916883,0.106852425,0.133793155,0.004452704,0.001758631,0.001895829,0.062886649
saips,0.224443724,0.463916883,0.106852425,0.133793155,0.004452704,0.001758631,0.001895829,0.062886649
umd,0.224443724,0.463916883,0.106852425,0.133793155,0.004452704,0.001758631,0.001895829,0.062886649
iitp,0.224443724,0.463916883,0.106852425,0.133793155,0.004452704,0.001758631,0.001895829,0.062886649
clippingmagic,0.224443724,0.463916883,0.106852425,0.133793155,0.004452704,0.001758631,0.001895829,0.062886649
thomas,0.224443724,0.463916883,0.106852425,0.133793155,0.004452704,0.001758631,0.001895829,0.062886649
cbica,0.224443724,0.463916883,0.106852425,0.133793155,0.004452704,0.001758631,0.001895829,0.062886649
spoj,0.224443724,0.463916883,0.106852425,0.133793155,0.004452704,0.001758631,0.001895829,0.062886649
soundsnap,0.224443724,0.463916883,0.106852425,0.133793155,0.004452704,0.001758631,0.001895829,0.062886649
archive,0.224443724,0.463916883,0.106852425,0.133793155,0.004452704,0.001758631,0.001895829,0.062886649
spgjedu,0.224443724,0.463916883,0.106852425,0.133793155,0.004452704,0.001758631,0.001895829,0.062886649
cloudflare,0.224443724,0.463916883,0.106852425,0.133793155,0.004452704,0.001758631,0.001895829,0.062886649
economictimesonline,0.224443724,0.463916883,0.106852425,0.133793155,0.004452704,0.001758631,0.001895829,0.062886649
cloud,0.224443724,0.463916883,0.106852425,0.133793155,0.004452704,0.001758631,0.001895829,0.062886649
your-freedom,0.224443724,0.463916883,0.106852425,0.133793155,0.004452704,0.001758631,0.001895829,0.062886649
xname,0.224443724,0.463916883,0.106852425,0.133793155,0.004452704,0.001758631,0.001895829,0.062886649
surveygizmo,0.224443724,0.463916883,0.106852425,0.133793155,0.004452704,0.001758631,0.001895829,0.062886649
jsrt,0.224443724,0.463916883,0.106852425,0.133793155,0.004452704,0.001758631,0.001895829,0.062886649
olxemails,0.224443724,0.463916883,0.106852425,0.133793155,0.004452704,0.001758631,0.001895829,0.062886649
crosshairscommunication,0.224443724,0.463916883,0.106852425,0.133793155,0.004452704,0.001758631,0.001895829,0.062886649
exosaero,0.224443724,0.463916883,0.106852425,0.133793155,0.004452704,0.001758631,0.001895829,0.062886649
enotice,0.224443724,0.463916883,0.106852425,0.133793155,0.004452704,0.001758631,0.001895829,0.062886649
arxiv,0.224443724,0.463916883,0.106852425,0.133793155,0.004452704,0.001758631,0.001895829,0.062886649
socialalpha,0.224443724,0.463916883,0.106852425,0.133793155,0.004452704,0.001758631,0.001895829,0.062886649
astrium-geo,0.224443724,0.463916883,0.106852425,0.133793155,0.004452704,0.001758631,0.001895829,0.062886649
STATE,0.224443724,0.463916883,0.106852425,0.133793155,0.004452704,0.001758631,0.001895829,0.062886649
fossa,0.224443724,0.463916883,0.106852425,0.133793155,0.004452704,0.001758631,0.001895829,0.062886649
projectfree,0.224443724,0.463916883,0.106852425,0.133793155,0.004452704,0.001758631,0.001895829,0.062886649
databolt,0.224443724,0.463916883,0.106852425,0.133793155,0.004452704,0.001758631,0.001895829,0.062886649
nature,0.224443724,0.463916883,0.106852425,0.133793155,0.004452704,0.001758631,0.001895829,0.062886649
shriramtravelinsurance,0.224443724,0.463916883,0.106852425,0.133793155,0.004452704,0.001758631,0.001895829,0.062886649
caTechnologies,0.224443724,0.463916883,0.106852425,0.133793155,0.004452704,0.001758631,0.001895829,0.062886649
sutlej-mail,0.224443724,0.463916883,0.106852425,0.133793155,0.004452704,0.001758631,0.001895829,0.062886649
algorithmia,0.224443724,0.463916883,0.106852425,0.133793155,0.004452704,0.001758631,0.001895829,0.062886649
fabhotels,0.224443724,0.463916883,0.106852425,0.133793155,0.004452704,0.001758631,0.001895829,0.062886649
applepay,0.224443724,0.463916883,0.106852425,0.133793155,0.004452704,0.001758631,0.001895829,0.062886649
congres-vert,0.224443724,0.463916883,0.106852425,0.133793155,0.004452704,0.001758631,0.001895829,0.062886649
create,0.224443724,0.463916883,0.106852425,0.133793155,0.004452704,0.001758631,0.001895829,0.062886649
ijsspe,0.224443724,0.463916883,0.106852425,0.133793155,0.004452704,0.001758631,0.001895829,0.062886649
moqups,0.224443724,0.463916883,0.106852425,0.133793155,0.004452704,0.001758631,0.001895829,0.062886649
ens,0.224443724,0.463916883,0.106852425,0.133793155,0.004452704,0.001758631,0.001895829,0.062886649
