monthday,label,0
1,0,24
1,1,52
1,2,13
1,3,21
1,7,13
1,test_df,54
2,0,40
2,1,81
2,2,12
2,3,17
2,4,2
2,7,12
2,test_df,72
3,0,44
3,1,83
3,2,16
3,3,19
3,4,1
3,5,2
3,7,8
3,test_df,83
4,0,32
4,1,81
4,2,16
4,3,42
4,4,2
4,7,9
4,test_df,86
5,0,34
5,1,73
5,2,11
5,3,39
5,4,1
5,7,5
5,test_df,79
6,0,28
6,1,58
6,2,12
6,3,27
6,7,5
6,test_df,66
7,0,56
7,1,80
7,2,8
7,3,30
7,4,5
7,7,8
7,test_df,80
8,0,63
8,1,91
8,2,13
8,3,30
8,4,1
8,7,11
8,test_df,110
9,0,48
9,1,95
9,2,12
9,3,34
9,7,11
9,test_df,92
10,0,48
10,1,110
10,2,19
10,3,31
10,7,11
10,test_df,99
11,0,40
11,1,94
11,2,11
11,3,38
11,7,14
11,test_df,80
12,0,40
12,1,111
12,2,16
12,3,61
12,7,18
12,test_df,108
13,0,38
13,1,83
13,2,16
13,3,33
13,7,10
13,test_df,77
14,0,27
14,1,88
14,2,18
14,3,42
14,7,7
14,test_df,78
15,0,46
15,1,149
15,2,17
15,3,53
15,5,1
15,7,19
15,test_df,102
16,0,49
16,1,108
16,2,17
16,3,33
16,7,10
16,test_df,86
17,0,50
17,1,104
17,2,34
17,3,39
17,4,4
17,7,15
17,test_df,80
18,0,42
18,1,110
18,2,16
18,3,50
18,4,1
18,7,9
18,test_df,99
19,0,65
19,1,109
19,2,10
19,3,40
19,7,12
19,test_df,119
20,0,28
20,1,96
20,2,22
20,3,36
20,7,12
20,test_df,93
21,0,28
21,1,86
21,2,26
21,3,32
21,7,8
21,test_df,85
22,0,62
22,1,88
22,2,20
22,3,31
22,7,11
22,test_df,90
23,0,31
23,1,63
23,2,18
23,3,27
23,7,13
23,test_df,76
24,0,43
24,1,83
24,2,21
24,3,25
24,7,15
24,test_df,82
25,0,40
25,1,115
25,2,22
25,3,30
25,7,9
25,test_df,88
26,0,42
26,1,89
26,2,21
26,3,17
26,4,1
26,7,12
26,test_df,68
27,0,27
27,1,98
27,2,26
27,3,27
27,7,5
27,test_df,61
28,0,49
28,1,82
28,2,24
28,3,25
28,4,3
28,7,18
28,test_df,65
29,0,62
29,1,83
29,2,13
29,3,29
29,4,2
29,7,13
29,test_df,90
30,0,49
30,1,108
30,2,25
30,3,48
30,7,13
30,test_df,118
31,0,73
31,1,126
31,2,32
31,3,28
31,7,12
31,test_df,119
32,0,45
32,1,111
32,2,21
32,3,39
32,7,23
32,test_df,105
33,0,29
33,1,81
33,2,19
33,3,28
33,4,1
33,7,8
33,test_df,72
34,0,41
34,1,100
34,2,17
34,3,45
34,7,8
34,test_df,85
35,0,32
35,1,74
35,2,19
35,3,37
35,7,13
35,test_df,82
36,0,37
36,1,66
36,2,13
36,3,22
36,7,23
36,test_df,76
37,0,40
37,1,83
37,2,12
37,3,24
37,7,9
37,test_df,71
38,0,45
38,1,86
38,2,27
38,3,24
38,4,2
38,7,14
38,test_df,90
39,0,40
39,1,122
39,2,22
39,3,39
39,7,16
39,test_df,107
40,0,40
40,1,117
40,2,21
40,3,42
40,5,1
40,7,20
40,test_df,117
41,0,23
41,1,86
41,2,26
41,3,39
41,7,13
41,test_df,74
42,0,50
42,1,112
42,2,20
42,3,35
42,4,1
42,7,10
42,test_df,89
43,0,67
43,1,76
43,2,33
43,3,27
43,7,19
43,test_df,84
44,0,34
44,1,108
44,2,26
44,3,27
44,4,1
44,7,22
44,test_df,90
45,0,43
45,1,97
45,2,31
45,3,34
45,7,22
45,test_df,94
46,0,32
46,1,84
46,2,17
46,3,20
46,4,1
46,7,12
46,test_df,72
47,0,44
47,1,105
47,2,24
47,3,25
47,5,2
47,7,14
47,test_df,86
48,0,56
48,1,104
48,2,23
48,3,44
48,4,1
48,7,11
48,test_df,112
49,0,41
49,1,81
49,2,22
49,3,27
49,7,14
49,test_df,83
50,0,61
50,1,95
50,2,23
50,3,25
50,4,2
50,7,6
50,test_df,96
51,0,48
51,1,118
51,2,36
51,3,28
51,7,19
51,test_df,109
52,0,64
52,1,97
52,2,30
52,3,18
52,7,15
52,test_df,95
53,0,52
53,1,103
53,2,18
53,3,21
53,7,8
53,test_df,104
54,0,60
54,1,89
54,2,18
54,3,19
54,7,13
54,test_df,87
55,0,39
55,1,80
55,2,25
55,3,12
55,7,15
55,test_df,92
56,0,38
56,1,69
56,2,19
56,3,13
56,7,14
56,test_df,66
57,0,50
57,1,101
57,2,31
57,3,26
57,7,16
57,test_df,82
58,0,36
58,1,73
58,2,30
58,3,20
58,7,15
58,test_df,81
59,0,68
59,1,120
59,2,43
59,3,54
59,4,1
59,7,8
59,test_df,106
60,0,61
60,1,120
60,2,38
60,3,27
60,4,3
60,7,10
60,test_df,113
61,0,60
61,1,94
61,2,18
61,3,29
61,4,1
61,7,18
61,test_df,107
62,0,54
62,1,108
62,2,26
62,3,40
62,4,1
62,7,10
62,test_df,90
63,0,40
63,1,95
63,2,23
63,3,24
63,4,1
63,7,19
63,test_df,115
64,0,51
64,1,118
64,2,29
64,3,21
64,4,1
64,7,12
64,test_df,97
65,0,69
65,1,132
65,2,19
65,3,19
65,7,13
65,test_df,108
66,0,48
66,1,135
66,2,28
66,3,39
66,7,20
66,test_df,109
67,0,55
67,1,119
67,2,30
67,3,34
67,4,2
67,7,18
67,test_df,110
68,0,43
68,1,112
68,2,27
68,3,32
68,4,1
68,7,11
68,test_df,118
69,0,44
69,1,104
69,2,25
69,3,31
69,4,2
69,7,14
69,test_df,98
70,0,46
70,1,104
70,2,26
70,3,25
70,4,2
70,7,9
70,test_df,91
71,0,66
71,1,123
71,2,27
71,3,26
71,4,5
71,7,10
71,test_df,107
72,0,44
72,1,100
72,2,22
72,3,30
72,4,3
72,7,18
72,test_df,80
73,0,54
73,1,114
73,2,22
73,3,16
73,7,10
73,test_df,70
74,0,43
74,1,95
74,2,28
74,3,25
74,4,1
74,7,21
74,test_df,70
75,0,48
75,1,86
75,2,31
75,3,28
75,7,11
75,test_df,101
76,0,37
76,1,101
76,2,25
76,3,41
76,4,1
76,7,14
76,test_df,105
77,0,43
77,1,83
77,2,22
77,3,28
77,4,1
77,7,6
77,test_df,75
78,0,61
78,1,88
78,2,24
78,3,17
78,4,1
78,7,8
78,test_df,78
79,0,40
79,1,74
79,2,19
79,3,14
79,4,1
79,7,10
79,test_df,87
80,0,27
80,1,77
80,2,33
80,3,22
80,4,1
80,7,10
80,test_df,67
81,0,33
81,1,81
81,2,25
81,3,22
81,4,3
81,7,15
81,test_df,94
82,0,35
82,1,88
82,2,36
82,3,26
82,7,10
82,test_df,98
83,0,22
83,1,84
83,2,28
83,3,27
83,7,11
83,test_df,79
84,0,33
84,1,65
84,2,24
84,3,13
84,7,8
84,test_df,63
85,0,38
85,1,65
85,2,15
85,3,12
85,7,11
85,test_df,68
86,0,54
86,1,123
86,2,31
86,3,25
86,4,5
86,7,14
86,test_df,90
87,0,62
87,1,106
87,2,32
87,3,20
87,4,3
87,7,16
87,test_df,99
88,0,40
88,1,92
88,2,31
88,3,37
88,4,1
88,7,9
88,test_df,84
89,0,39
89,1,108
89,2,30
89,3,33
89,4,2
89,7,12
89,test_df,96
90,0,36
90,1,107
90,2,36
90,3,52
90,4,1
90,5,1
90,7,11
90,test_df,102
91,0,31
91,1,73
91,2,19
91,3,32
91,4,2
91,7,6
91,test_df,68
92,0,47
92,1,88
92,2,20
92,3,23
92,4,2
92,7,10
92,test_df,82
93,0,46
93,1,95
93,2,18
93,3,22
93,4,1
93,7,14
93,test_df,68
94,0,51
94,1,88
94,2,15
94,3,25
94,5,1
94,7,16
94,test_df,87
95,0,47
95,1,109
95,2,22
95,3,34
95,7,18
95,test_df,105
96,0,179
96,1,416
96,2,20
96,3,32
96,4,4
96,5,1
96,7,13
96,test_df,277
97,0,310
97,1,529
97,2,24
97,3,29
97,7,11
97,test_df,395
98,0,44
98,1,75
98,2,18
98,3,33
98,4,4
98,7,14
98,test_df,82
99,0,52
99,1,120
99,2,22
99,3,26
99,4,2
99,7,11
99,test_df,110
100,0,41
100,1,90
100,2,28
100,3,15
100,7,19
100,test_df,87
101,0,45
101,1,121
101,2,28
101,3,35
101,7,16
101,test_df,104
102,0,56
102,1,110
102,2,33
102,3,41
102,7,10
102,test_df,92
103,0,33
103,1,103
103,2,24
103,3,31
103,4,2
103,5,5
103,7,17
103,test_df,92
104,0,53
104,1,125
104,2,23
104,3,46
104,5,4
104,7,12
104,test_df,86
105,0,43
105,1,83
105,2,26
105,3,31
105,4,2
105,7,12
105,test_df,70
106,0,32
106,1,68
106,2,23
106,3,15
106,4,1
106,7,16
106,test_df,77
107,0,21
107,1,77
107,2,17
107,3,27
107,4,1
107,5,2
107,7,15
107,test_df,72
108,0,45
108,1,107
108,2,20
108,3,21
108,4,1
108,7,18
108,test_df,108
109,0,29
109,1,79
109,2,18
109,3,29
109,4,1
109,7,18
109,test_df,76
110,0,36
110,1,79
110,2,23
110,3,26
110,4,2
110,7,14
110,test_df,75
111,0,28
111,1,70
111,2,24
111,3,12
111,7,13
111,test_df,72
112,0,43
112,1,60
112,2,14
112,3,23
112,7,10
112,test_df,56
113,0,44
113,1,93
113,2,18
113,3,16
113,4,2
113,7,7
113,test_df,82
114,0,27
114,1,68
114,2,30
114,3,18
114,4,1
114,7,15
114,test_df,63
115,0,44
115,1,82
115,2,23
115,3,17
115,7,13
115,test_df,75
116,0,43
116,1,91
116,2,21
116,3,35
116,4,2
116,7,15
116,test_df,75
117,0,43
117,1,101
117,2,26
117,3,14
117,4,1
117,7,9
117,test_df,76
118,0,42
118,1,92
118,2,27
118,3,25
118,4,2
118,7,14
118,test_df,77
119,0,24
119,1,67
119,2,25
119,3,25
119,7,13
119,test_df,79
120,0,38
120,1,95
120,2,25
120,3,37
120,7,12
120,test_df,106
121,0,63
121,1,90
121,2,22
121,3,23
121,5,5
121,7,11
121,test_df,85
122,0,33
122,1,93
122,2,21
122,3,26
122,7,21
122,test_df,73
123,0,45
123,1,113
123,2,25
123,3,17
123,7,16
123,test_df,79
124,0,25
124,1,107
124,2,21
124,3,53
124,7,10
124,test_df,90
125,0,50
125,1,141
125,2,32
125,3,43
125,7,18
125,test_df,132
126,0,22
126,1,95
126,2,26
126,3,39
126,7,12
126,test_df,80
127,0,33
127,1,65
127,2,25
127,3,11
127,7,13
127,test_df,68
128,0,43
128,1,92
128,2,27
128,3,17
128,5,2
128,7,23
128,test_df,64
129,0,43
129,1,83
129,2,34
129,3,17
129,4,2
129,7,15
129,test_df,88
130,0,36
130,1,73
130,2,26
130,3,9
130,7,13
130,test_df,55
131,0,49
131,1,118
131,2,30
131,3,12
131,4,1
131,7,14
131,test_df,86
132,0,36
132,1,88
132,2,18
132,3,11
132,4,1
132,5,4
132,7,16
132,test_df,93
133,0,39
133,1,83
133,2,29
133,3,18
133,7,10
133,test_df,71
134,0,47
134,1,95
134,2,30
134,3,21
134,4,1
134,7,10
134,test_df,94
135,0,35
135,1,88
135,2,27
135,3,14
135,4,3
135,5,2
135,7,13
135,test_df,87
136,0,36
136,1,88
136,2,22
136,3,12
136,7,11
136,test_df,73
137,0,34
137,1,72
137,2,20
137,3,16
137,4,2
137,7,15
137,test_df,67
138,0,38
138,1,75
138,2,24
138,3,7
138,4,2
138,5,1
138,7,13
138,test_df,82
139,0,18
139,1,71
139,2,24
139,3,14
139,5,1
139,7,13
139,test_df,65
140,0,24
140,1,56
140,2,22
140,3,9
140,7,15
140,test_df,61
141,0,42
141,1,88
141,2,21
141,3,20
141,5,1
141,7,12
141,test_df,76
142,0,64
142,1,87
142,2,25
142,3,16
142,7,12
142,test_df,84
143,0,49
143,1,69
143,2,31
143,3,4
143,4,1
143,7,7
143,test_df,67
144,0,58
144,1,117
144,2,20
144,3,5
144,4,3
144,7,15
144,test_df,88
145,0,55
145,1,137
145,2,27
145,3,9
145,4,1
145,7,14
145,test_df,88
146,0,45
146,1,74
146,2,26
146,3,10
146,4,1
146,5,1
146,7,13
146,test_df,69
147,0,42
147,1,93
147,2,17
147,3,10
147,4,7
147,7,10
147,test_df,82
148,0,51
148,1,85
148,2,20
148,3,9
148,4,2
148,7,16
148,test_df,78
149,0,39
149,1,87
149,2,28
149,3,12
149,4,2
149,5,1
149,7,19
149,test_df,60
150,0,48
150,1,97
150,2,34
150,3,15
150,4,2
150,7,19
150,test_df,83
151,0,30
151,1,80
151,2,27
151,3,3
151,4,2
151,7,16
151,test_df,60
152,0,54
152,1,100
152,2,26
152,3,8
152,4,1
152,7,10
152,test_df,89
153,0,30
153,1,72
153,2,15
153,3,15
153,4,2
153,7,15
153,test_df,68
154,0,40
154,1,94
154,2,25
154,3,31
154,4,2
154,7,12
154,test_df,105
155,0,85
155,1,127
155,2,21
155,3,15
155,4,3
155,7,12
155,test_df,108
156,0,41
156,1,85
156,2,22
156,3,25
156,7,14
156,test_df,86
157,0,54
157,1,134
157,2,29
157,3,19
157,4,2
157,7,11
157,test_df,102
158,0,29
158,1,103
158,2,33
158,3,25
158,4,1
158,7,15
158,test_df,93
159,0,25
159,1,74
159,2,26
159,3,3
159,4,2
159,5,1
159,7,14
159,test_df,95
160,0,50
160,1,112
160,2,21
160,3,8
160,4,1
160,7,16
160,test_df,108
161,0,27
161,1,71
161,2,25
161,3,22
161,4,1
161,7,12
161,test_df,76
162,0,40
162,1,96
162,2,12
162,3,17
162,5,7
162,7,29
162,test_df,94
163,0,36
163,1,71
163,2,27
163,3,13
163,4,2
163,5,4
163,7,12
163,test_df,66
164,0,38
164,1,80
164,2,20
164,3,17
164,7,17
164,test_df,78
165,0,35
165,1,155
165,2,13
165,3,6
165,4,3
165,5,1
165,7,13
165,test_df,118
166,0,53
166,1,137
166,2,29
166,3,15
166,7,18
166,test_df,101
167,0,40
167,1,90
167,2,26
167,3,23
167,4,1
167,7,25
167,test_df,72
168,0,47
168,1,107
168,2,22
168,3,11
168,4,3
168,7,13
168,test_df,102
169,0,50
169,1,92
169,2,25
169,3,19
169,4,2
169,7,17
169,test_df,78
170,0,41
170,1,94
170,2,20
170,3,8
170,4,9
170,7,12
170,test_df,77
171,0,52
171,1,135
171,2,27
171,3,6
171,4,1
171,7,18
171,test_df,103
172,0,26
172,1,108
172,2,26
172,3,17
172,7,11
172,test_df,75
173,0,48
173,1,95
173,2,25
173,3,17
173,4,1
173,5,1
173,7,12
173,test_df,73
174,0,27
174,1,81
174,2,23
174,3,22
174,4,1
174,7,15
174,test_df,93
175,0,57
175,1,81
175,2,21
175,3,10
175,7,17
175,test_df,71
176,0,74
176,1,124
176,2,24
176,3,36
176,4,3
176,5,1
176,7,12
176,test_df,106
177,0,56
177,1,113
177,2,30
177,3,6
177,5,1
177,7,14
177,test_df,95
178,0,50
178,1,141
178,2,33
178,3,22
178,7,14
178,test_df,122
179,0,63
179,1,143
179,2,15
179,3,7
179,4,1
179,5,4
179,7,11
179,test_df,96
180,0,28
180,1,91
180,2,32
180,3,10
180,4,9
180,7,26
180,test_df,82
181,0,37
181,1,79
181,2,30
181,3,27
181,4,6
181,7,10
181,test_df,62
182,0,61
182,1,109
182,2,21
182,3,26
182,4,3
182,5,1
182,7,11
182,test_df,104
183,0,72
183,1,115
183,2,17
183,3,27
183,4,3
183,7,11
183,test_df,97
184,0,68
184,1,120
184,2,21
184,3,24
184,4,4
184,7,10
184,test_df,121
185,0,35
185,1,112
185,2,32
185,3,9
185,4,6
185,7,8
185,test_df,83
186,0,63
186,1,140
186,2,16
186,3,9
186,4,3
186,7,14
186,test_df,123
187,0,60
187,1,138
187,2,23
187,3,30
187,4,1
187,7,14
187,test_df,127
188,0,82
188,1,179
188,2,20
188,3,25
188,7,14
188,test_df,137
189,0,61
189,1,104
189,2,20
189,3,17
189,4,2
189,5,1
189,7,20
189,test_df,91
190,0,78
190,1,191
190,2,24
190,3,43
190,7,18
190,test_df,127
191,0,53
191,1,170
191,2,23
191,3,57
191,7,11
191,test_df,139
192,0,84
192,1,156
192,2,30
192,3,31
192,5,1
192,7,13
192,test_df,120
193,0,76
193,1,135
193,2,17
193,3,29
193,5,5
193,7,21
193,test_df,103
194,0,67
194,1,127
194,2,34
194,3,20
194,4,1
194,7,14
194,test_df,118
195,0,62
195,1,117
195,2,25
195,3,16
195,4,1
195,5,1
195,7,19
195,test_df,98
196,0,61
196,1,111
196,2,30
196,3,17
196,4,1
196,7,10
196,test_df,93
197,0,71
197,1,131
197,2,25
197,3,18
197,7,12
197,test_df,117
198,0,59
198,1,128
198,2,35
198,3,13
198,5,5
198,7,11
198,test_df,115
199,0,53
199,1,80
199,2,30
199,3,8
199,4,2
199,7,18
199,test_df,76
200,0,56
200,1,111
200,2,24
200,3,10
200,4,1
200,7,18
200,test_df,108
201,0,59
201,1,111
201,2,32
201,3,29
201,7,24
201,test_df,92
202,0,58
202,1,114
202,2,26
202,3,34
202,7,14
202,test_df,98
203,0,62
203,1,102
203,2,19
203,3,24
203,7,10
203,test_df,102
204,0,48
204,1,97
204,2,20
204,3,22
204,5,2
204,7,17
204,test_df,82
205,0,72
205,1,105
205,2,29
205,3,14
205,7,15
205,test_df,110
206,0,75
206,1,115
206,2,34
206,3,9
206,7,17
206,test_df,105
207,0,46
207,1,106
207,2,33
207,3,21
207,5,1
207,7,18
207,test_df,102
208,0,60
208,1,85
208,2,26
208,3,19
208,7,12
208,test_df,87
209,0,41
209,1,74
209,2,24
209,3,28
209,7,16
209,test_df,98
210,0,54
210,1,88
210,2,26
210,3,13
210,7,19
210,test_df,69
211,0,75
211,1,115
211,2,21
211,3,22
211,4,1
211,5,9
211,7,18
211,test_df,97
212,0,54
212,1,91
212,2,27
212,3,21
212,7,9
212,test_df,70
213,0,60
213,1,98
213,2,24
213,3,27
213,4,2
213,5,2
213,7,14
213,test_df,95
214,0,70
214,1,106
214,2,29
214,3,33
214,4,2
214,7,18
214,test_df,97
215,0,80
215,1,118
215,2,26
215,3,55
215,4,1
215,7,14
215,test_df,129
216,0,44
216,1,102
216,2,22
216,3,57
216,4,2
216,5,1
216,7,13
216,test_df,118
217,0,50
217,1,96
217,2,19
217,3,49
217,4,1
217,7,15
217,test_df,99
218,0,86
218,1,160
218,2,23
218,3,49
218,4,3
218,7,6
218,test_df,151
219,0,56
219,1,90
219,2,33
219,3,38
219,4,1
219,7,11
219,test_df,118
220,0,54
220,1,105
220,2,32
220,3,57
220,4,2
220,7,9
220,test_df,102
221,0,47
221,1,125
221,2,36
221,3,41
221,4,2
221,5,2
221,7,13
221,test_df,126
222,0,68
222,1,167
222,2,41
222,3,69
222,4,3
222,7,23
222,test_df,144
223,0,50
223,1,134
223,2,32
223,3,74
223,4,5
223,5,2
223,7,18
223,test_df,116
224,0,59
224,1,93
224,2,26
224,3,55
224,4,4
224,7,18
224,test_df,113
225,0,47
225,1,108
225,2,25
225,3,59
225,7,11
225,test_df,119
226,0,71
226,1,111
226,2,30
226,3,30
226,4,2
226,7,11
226,test_df,107
227,0,47
227,1,79
227,2,36
227,3,24
227,4,2
227,7,11
227,test_df,81
228,0,65
228,1,108
228,2,26
228,3,31
228,7,20
228,test_df,92
229,0,56
229,1,125
229,2,36
229,3,56
229,7,21
229,test_df,112
230,0,43
230,1,104
230,2,32
230,3,44
230,5,3
230,7,20
230,test_df,114
231,0,42
231,1,91
231,2,21
231,3,57
231,4,2
231,7,22
231,test_df,96
232,0,48
232,1,78
232,2,30
232,3,44
232,5,5
232,7,9
232,test_df,80
233,0,44
233,1,84
233,2,32
233,3,40
233,7,13
233,test_df,95
234,0,71
234,1,113
234,2,24
234,3,25
234,4,1
234,7,16
234,test_df,100
235,0,48
235,1,111
235,2,28
235,3,38
235,7,23
235,test_df,86
236,0,57
236,1,114
236,2,33
236,3,41
236,4,2
236,7,20
236,test_df,121
237,0,54
237,1,128
237,2,33
237,3,49
237,4,1
237,7,16
237,test_df,90
238,0,45
238,1,115
238,2,25
238,3,38
238,7,7
238,test_df,97
239,0,51
239,1,119
239,2,19
239,3,64
239,5,1
239,7,9
239,test_df,114
240,0,61
240,1,117
240,2,21
240,3,24
240,7,20
240,test_df,129
241,0,70
241,1,92
241,2,25
241,3,18
241,7,17
241,test_df,111
242,0,72
242,1,135
242,2,24
242,3,37
242,7,24
242,test_df,148
243,0,59
243,1,136
243,2,38
243,3,70
243,4,1
243,7,17
243,test_df,142
244,0,63
244,1,114
244,2,17
244,3,90
244,7,22
244,test_df,114
245,0,68
245,1,120
245,2,25
245,3,51
245,7,16
245,test_df,110
246,0,50
246,1,89
246,2,15
246,3,44
246,4,2
246,5,1
246,7,13
246,test_df,99
247,0,62
247,1,110
247,2,23
247,3,29
247,4,2
247,7,11
247,test_df,118
248,0,84
248,1,110
248,2,32
248,3,29
248,4,1
248,5,2
248,7,11
248,test_df,119
249,0,56
249,1,100
249,2,27
249,3,31
249,4,1
249,7,22
249,test_df,104
250,0,63
250,1,108
250,2,29
250,3,52
250,7,12
250,test_df,121
251,0,75
251,1,145
251,2,30
251,3,69
251,4,1
251,5,1
251,7,15
251,test_df,132
252,0,55
252,1,117
252,2,31
252,3,62
252,7,14
252,test_df,110
253,0,75
253,1,132
253,2,24
253,3,65
253,4,2
253,7,7
253,test_df,127
254,0,59
254,1,128
254,2,19
254,3,38
254,7,15
254,test_df,123
255,0,62
255,1,94
255,2,32
255,3,22
255,4,2
255,7,16
255,test_df,83
256,0,69
256,1,124
256,2,28
256,3,45
256,4,4
256,7,22
256,test_df,123
257,0,54
257,1,115
257,2,30
257,3,47
257,7,18
257,test_df,96
258,0,60
258,1,133
258,2,31
258,3,61
258,4,1
258,6,1
258,7,26
258,test_df,132
259,0,57
259,1,118
259,2,24
259,3,44
259,5,4
259,7,19
259,test_df,105
260,0,57
260,1,102
260,2,32
260,3,23
260,7,12
260,test_df,112
261,0,43
261,1,133
261,2,48
261,3,27
261,7,14
261,test_df,129
262,0,70
262,1,139
262,2,34
262,3,34
262,4,1
262,7,18
262,test_df,138
263,0,54
263,1,125
263,2,41
263,3,16
263,5,1
263,7,22
263,test_df,120
264,0,44
264,1,102
264,2,36
264,3,28
264,7,11
264,test_df,110
265,0,37
265,1,73
265,2,33
265,3,16
265,4,1
265,7,21
265,test_df,90
266,0,52
266,1,96
266,2,27
266,3,27
266,5,1
266,7,12
266,test_df,97
267,0,61
267,1,101
267,2,35
267,3,58
267,4,1
267,7,15
267,test_df,114
268,0,41
268,1,112
268,2,32
268,3,29
268,4,1
268,7,17
268,test_df,111
269,0,39
269,1,84
269,2,47
269,3,23
269,7,15
269,test_df,88
270,0,67
270,1,141
270,2,29
270,3,49
270,7,23
270,test_df,125
271,0,70
271,1,149
271,2,43
271,3,45
271,6,1
271,7,20
271,test_df,124
272,0,75
272,1,151
272,2,33
272,3,53
272,4,3
272,6,6
272,7,26
272,test_df,137
273,0,74
273,1,138
273,2,32
273,3,53
273,6,3
273,7,15
273,test_df,128
274,0,74
274,1,125
274,2,25
274,3,58
274,6,4
274,7,12
274,test_df,127
275,0,72
275,1,107
275,2,19
275,3,32
275,6,3
275,7,10
275,test_df,105
276,0,86
276,1,147
276,2,32
276,3,20
276,4,2
276,6,4
276,7,11
276,test_df,109
277,0,63
277,1,123
277,2,30
277,3,59
277,4,1
277,5,1
277,6,2
277,7,19
277,test_df,141
278,0,65
278,1,135
278,2,31
278,3,53
278,6,4
278,7,13
278,test_df,125
279,0,46
279,1,128
279,2,26
279,3,79
279,4,3
279,6,1
279,7,17
279,test_df,125
280,0,74
280,1,128
280,2,25
280,3,47
280,5,1
280,6,7
280,7,20
280,test_df,123
281,0,71
281,1,130
281,2,27
281,3,40
281,6,4
281,7,15
281,test_df,125
282,0,77
282,1,121
282,2,19
282,3,50
282,4,2
282,6,3
282,7,20
282,test_df,120
283,0,62
283,1,129
283,2,44
283,3,30
283,5,4
283,6,7
283,7,18
283,test_df,120
284,0,72
284,1,90
284,2,23
284,3,21
284,6,3
284,7,27
284,test_df,100
285,0,69
285,1,108
285,2,27
285,3,31
285,7,14
285,test_df,106
286,0,51
286,1,91
286,2,26
286,3,25
286,4,1
286,5,1
286,6,3
286,7,20
286,test_df,89
287,0,53
287,1,98
287,2,30
287,3,48
287,4,2
287,6,8
287,7,14
287,test_df,110
288,0,50
288,1,88
288,2,29
288,3,41
288,5,2
288,6,4
288,7,15
288,test_df,92
289,0,58
289,1,90
289,2,28
289,3,23
289,6,3
289,7,14
289,test_df,104
290,0,77
290,1,83
290,2,40
290,3,15
290,4,2
290,5,2
290,6,7
290,7,13
290,test_df,89
291,0,64
291,1,122
291,2,31
291,3,31
291,6,7
291,7,17
291,test_df,122
292,0,56
292,1,85
292,2,27
292,3,28
292,5,2
292,6,4
292,7,10
292,test_df,90
293,0,45
293,1,83
293,2,19
293,3,30
293,6,8
293,7,20
293,test_df,87
294,0,48
294,1,85
294,2,26
294,3,42
294,4,1
294,6,10
294,7,9
294,test_df,90
295,0,53
295,1,93
295,2,32
295,3,40
295,6,5
295,7,15
295,test_df,87
296,0,54
296,1,93
296,2,23
296,3,26
296,4,5
296,5,1
296,6,5
296,7,22
296,test_df,111
297,0,46
297,1,106
297,2,31
297,3,33
297,5,1
297,6,9
297,7,9
297,test_df,110
298,0,68
298,1,124
298,2,36
298,3,67
298,4,2
298,6,8
298,7,19
298,test_df,116
299,0,56
299,1,89
299,2,20
299,3,44
299,4,1
299,6,6
299,7,11
299,test_df,106
300,0,32
300,1,91
300,2,33
300,3,30
300,6,5
300,7,15
300,test_df,95
301,0,48
301,1,95
301,2,18
301,3,41
301,4,1
301,6,6
301,7,16
301,test_df,97
302,0,37
302,1,108
302,2,17
302,3,37
302,4,1
302,5,2
302,6,1
302,7,7
302,test_df,102
303,0,33
303,1,73
303,2,24
303,3,28
303,4,1
303,7,15
303,test_df,73
304,0,44
304,1,110
304,2,37
304,3,37
304,4,1
304,7,8
304,test_df,102
305,0,54
305,1,125
305,2,23
305,3,37
305,4,2
305,7,16
305,test_df,105
306,0,55
306,1,119
306,2,19
306,3,52
306,4,1
306,7,8
306,test_df,95
307,0,42
307,1,103
307,2,17
307,3,63
307,7,24
307,test_df,115
308,0,55
308,1,95
308,2,16
308,3,37
308,5,1
308,7,12
308,test_df,77
309,0,50
309,1,118
309,2,21
309,3,48
309,7,9
309,test_df,99
310,0,31
310,1,83
310,2,16
310,3,37
310,7,8
310,test_df,68
311,0,46
311,1,95
311,2,13
311,3,34
311,7,12
311,test_df,86
312,0,42
312,1,103
312,2,14
312,3,62
312,7,14
312,test_df,95
313,0,56
313,1,116
313,2,11
313,3,36
313,7,12
313,test_df,112
314,0,50
314,1,90
314,2,12
314,3,34
314,4,1
314,7,14
314,test_df,87
315,0,35
315,1,75
315,2,11
315,3,29
315,4,1
315,7,18
315,test_df,63
316,0,40
316,1,68
316,2,7
316,3,29
316,7,16
316,test_df,66
317,0,41
317,1,74
317,2,7
317,3,53
317,4,3
317,7,12
317,test_df,82
318,0,46
318,1,80
318,2,17
318,3,20
318,4,3
318,7,10
318,test_df,77
319,0,36
319,1,65
319,2,18
319,3,12
319,4,1
319,7,10
319,test_df,95
320,0,53
320,1,122
320,2,15
320,3,40
320,7,8
320,test_df,95
321,0,35
321,1,84
321,2,17
321,3,46
321,4,1
321,7,14
321,test_df,101
322,0,36
322,1,82
322,2,13
322,3,33
322,4,1
322,5,1
322,7,8
322,test_df,93
323,0,65
323,1,95
323,2,18
323,3,23
323,4,2
323,7,8
323,test_df,81
324,0,50
324,1,85
324,2,18
324,3,23
324,7,11
324,test_df,62
325,0,53
325,1,76
325,2,19
325,3,15
325,7,9
325,test_df,83
326,0,35
326,1,68
326,2,11
326,3,14
326,7,13
326,test_df,73
327,0,37
327,1,94
327,2,21
327,3,30
327,7,10
327,test_df,71
328,0,27
328,1,62
328,2,6
328,3,16
328,7,15
328,test_df,57
329,0,19
329,1,61
329,2,11
329,3,12
329,4,1
329,5,1
329,7,8
329,test_df,55
330,0,37
330,1,81
330,2,9
330,3,36
330,7,4
330,test_df,96
331,0,30
331,1,102
331,2,14
331,3,25
331,7,9
331,test_df,69
332,0,31
332,1,71
332,2,18
332,3,16
332,7,6
332,test_df,62
333,0,30
333,1,90
333,2,21
333,3,39
333,4,2
333,7,11
333,test_df,79
334,0,28
334,1,98
334,2,16
334,3,65
334,4,1
334,7,10
334,test_df,99
335,0,51
335,1,97
335,2,14
335,3,44
335,4,1
335,7,14
335,test_df,91
336,0,27
336,1,96
336,2,14
336,3,43
336,4,1
336,7,12
336,test_df,81
337,0,49
337,1,100
337,2,14
337,3,32
337,4,2
337,7,8
337,test_df,79
338,0,37
338,1,106
338,2,14
338,3,22
338,4,4
338,7,12
338,test_df,85
339,0,44
339,1,91
339,2,18
339,3,28
339,7,9
339,test_df,78
340,0,46
340,1,118
340,2,12
340,3,34
340,5,1
340,7,13
340,test_df,97
341,0,62
341,1,119
341,2,15
341,3,44
341,7,13
341,test_df,102
342,0,48
342,1,120
342,2,20
342,3,47
342,7,19
342,test_df,116
343,0,38
343,1,72
343,2,7
343,3,19
343,7,11
343,test_df,81
344,0,47
344,1,95
344,2,17
344,3,39
344,7,10
344,test_df,88
345,0,38
345,1,112
345,2,14
345,3,19
345,7,14
345,test_df,86
346,0,43
346,1,112
346,2,18
346,3,23
346,7,11
346,test_df,76
347,0,28
347,1,50
347,2,16
347,3,15
347,7,13
347,test_df,60
348,0,31
348,1,79
348,2,13
348,3,23
348,7,19
348,test_df,74
349,0,49
349,1,88
349,2,11
349,3,28
349,7,16
349,test_df,69
350,0,21
350,1,58
350,2,14
350,3,19
350,4,3
350,7,11
350,test_df,46
351,0,45
351,1,66
351,2,15
351,3,26
351,4,4
351,5,3
351,7,11
351,test_df,77
352,0,48
352,1,81
352,2,20
352,3,23
352,4,1
352,7,10
352,test_df,81
353,0,44
353,1,67
353,2,16
353,3,5
353,4,1
353,5,2
353,7,12
353,test_df,78
354,0,28
354,1,101
354,2,17
354,3,26
354,7,15
354,test_df,78
355,0,38
355,1,88
355,2,11
355,3,19
355,4,1
355,7,8
355,test_df,75
356,0,38
356,1,93
356,2,14
356,3,15
356,7,10
356,test_df,77
357,0,33
357,1,71
357,2,14
357,3,16
357,7,14
357,test_df,58
358,0,25
358,1,52
358,2,8
358,3,15
358,4,1
358,7,18
358,test_df,62
359,0,30
359,1,48
359,2,8
359,3,4
359,5,2
359,7,10
359,test_df,42
360,0,29
360,1,60
360,2,16
360,3,2
360,5,2
360,7,9
360,test_df,45
361,0,24
361,1,90
361,2,15
361,3,22
361,7,15
361,test_df,64
362,0,44
362,1,87
362,2,15
362,3,22
362,5,1
362,7,16
362,test_df,77
363,0,36
363,1,86
363,2,14
363,3,29
363,7,15
363,test_df,71
364,0,35
364,1,64
364,2,16
364,3,6
364,4,2
364,7,8
364,test_df,62
365,0,36
365,1,58
365,2,18
365,3,13
365,7,7
365,test_df,59
366,0,6
366,1,15
366,3,5
366,test_df,7
